index,backbone,segment,rfdiffusion_ss8,rfdiffusion_ss3,rfdiffusion_H_prop,rfdiffusion_E_prop,rfdiffusion_C_prop,backbone_pdb,score,global_score,region,sequence,esmfold_ptm,esmfold_plddt,esmfold_ss8,esmfold_ss3,esmfold_H_prop,esmfold_E_prop,esmfold_C_prop,ss_filter,whether_pass
ggtdt_af3_A,ggtdt_af3,8-22,CCCCCCCCCCCCCCC,CCCCCCCCCCCCCCC,0.0,0.0,1.0,./ggtdt_example/ggtdt_af3.pdb,-,-,GGSGYPTLKTPESEV,MHHHHHHGGSGYPTLKTPESEVSSFTASKVSQYSCQRKTTLNNCNKKFTDAFEIMAENYEFKENEIFCLEFLRAASVLKSLPFPVTRMKDIQGLPCMGDRVRDVIEEIIEEGESSRAKDVLNDERYKSFKEFTSVFGVGVKTSEKWFRMGLRTVEEVKADKTLKLSKMQRAGFLYYEDLVSCVSKAEADAVSSIVKNTVCTFLPDALVTITGGFRRGKKIGHDIDFLITSPGQREDDELLHKGLLLYCDIIESTFVKEQIPSRHVDAMDHFQKCFAILKLYQPRVDNSSYNMSKKCDMAEVKDWKAIRVDLVITPFEQYAYALLGWTGSRQFGRDLRRYATHERKMMLDNHALYDKRKRVFLKAGSEEEIFAHLGLDYVEPWERNA,-,-,-,-,-,-,-,-,-
ggtdt_af3_A_1_mpnn_5,ggtdt_af3_A_1,8-22,CCTTPPPPPPPPPPP,CCCCHHHHHHHHHHH,0.7333,0.0,0.2667,./ggtdt_example/rfdiffusion_out/filter_results/ggtdt_af3_A_1.pdb,1.3456,1.6922,HHHGRPKPKKPPPKP,MHHHHHHHHHGRPKPKKPPPKPSSFTASKVSQYSCQRKTTLNNCNKKFTDAFEIMAENYEFKENEIFCLEFLRAASVLKSLPFPVTRMKDIQGLPCMGDRVRDVIEEIIEEGESSRAKDVLNDERYKSFKEFTSVFGVGVKTSEKWFRMGLRTVEEVKADKTLKLSKMQRAGFLYYEDLVSCVSKAEADAVSSIVKNTVCTFLPDALVTITGGFRRGKKIGHDIDFLITSPGQREDDELLHKGLLLYCDIIESTFVKEQIPSRHVDAMDHFQKCFAILKLYQPRVDNSSYNMSKKCDMAEVKDWKAIRVDLVITPFEQYAYALLGWTGSRQFGRDLRRYATHERKMMLDNHALYDKRKRVFLKAGSEEEIFAHLGLDYVEPWERNA,0.8335674405097961,75.696655,CCCCCCCPPPPPPPP,CCCCCCCHHHHHHHH,0.5333,0.0,0.4667,True,True
ggtdt_af3_A_1_mpnn_7,ggtdt_af3_A_1,8-22,CCTTPPPPPPPPPPP,CCCCHHHHHHHHHHH,0.7333,0.0,0.2667,./ggtdt_example/rfdiffusion_out/filter_results/ggtdt_af3_A_1.pdb,1.1678,1.6973,HHHGRRRRRRRRRRR,MHHHHHHHHHGRRRRRRRRRRRSSFTASKVSQYSCQRKTTLNNCNKKFTDAFEIMAENYEFKENEIFCLEFLRAASVLKSLPFPVTRMKDIQGLPCMGDRVRDVIEEIIEEGESSRAKDVLNDERYKSFKEFTSVFGVGVKTSEKWFRMGLRTVEEVKADKTLKLSKMQRAGFLYYEDLVSCVSKAEADAVSSIVKNTVCTFLPDALVTITGGFRRGKKIGHDIDFLITSPGQREDDELLHKGLLLYCDIIESTFVKEQIPSRHVDAMDHFQKCFAILKLYQPRVDNSSYNMSKKCDMAEVKDWKAIRVDLVITPFEQYAYALLGWTGSRQFGRDLRRYATHERKMMLDNHALYDKRKRVFLKAGSEEEIFAHLGLDYVEPWERNA,0.8334500193595886,76.35112,CCCCCCCCCCCCCCC,CCCCCCCCCCCCCCC,0.0,0.0,1.0,False,False
ggtdt_af3_A_1_mpnn_15,ggtdt_af3_A_1,8-22,CCTTPPPPPPPPPPP,CCCCHHHHHHHHHHH,0.7333,0.0,0.2667,./ggtdt_example/rfdiffusion_out/filter_results/ggtdt_af3_A_1.pdb,1.2997,1.7056,HGHGRPKKKTPKPKK,MHHHHHHHGHGRPKKKTPKPKKSSFTASKVSQYSCQRKTTLNNCNKKFTDAFEIMAENYEFKENEIFCLEFLRAASVLKSLPFPVTRMKDIQGLPCMGDRVRDVIEEIIEEGESSRAKDVLNDERYKSFKEFTSVFGVGVKTSEKWFRMGLRTVEEVKADKTLKLSKMQRAGFLYYEDLVSCVSKAEADAVSSIVKNTVCTFLPDALVTITGGFRRGKKIGHDIDFLITSPGQREDDELLHKGLLLYCDIIESTFVKEQIPSRHVDAMDHFQKCFAILKLYQPRVDNSSYNMSKKCDMAEVKDWKAIRVDLVITPFEQYAYALLGWTGSRQFGRDLRRYATHERKMMLDNHALYDKRKRVFLKAGSEEEIFAHLGLDYVEPWERNA,0.8295922875404358,76.00875,CCCCCCCCCCCCCCC,CCCCCCCCCCCCCCC,0.0,0.0,1.0,False,False
ggtdt_af3_A_1_mpnn_16,ggtdt_af3_A_1,8-22,CCTTPPPPPPPPPPP,CCCCHHHHHHHHHHH,0.7333,0.0,0.2667,./ggtdt_example/rfdiffusion_out/filter_results/ggtdt_af3_A_1.pdb,1.4641,1.6953,HHHGKPPPRPPPPPP,MHHHHHHHHHGKPPPRPPPPPPSSFTASKVSQYSCQRKTTLNNCNKKFTDAFEIMAENYEFKENEIFCLEFLRAASVLKSLPFPVTRMKDIQGLPCMGDRVRDVIEEIIEEGESSRAKDVLNDERYKSFKEFTSVFGVGVKTSEKWFRMGLRTVEEVKADKTLKLSKMQRAGFLYYEDLVSCVSKAEADAVSSIVKNTVCTFLPDALVTITGGFRRGKKIGHDIDFLITSPGQREDDELLHKGLLLYCDIIESTFVKEQIPSRHVDAMDHFQKCFAILKLYQPRVDNSSYNMSKKCDMAEVKDWKAIRVDLVITPFEQYAYALLGWTGSRQFGRDLRRYATHERKMMLDNHALYDKRKRVFLKAGSEEEIFAHLGLDYVEPWERNA,0.842097818851471,76.76811,CCCCCCPPPPPPPPP,CCCCCCHHHHHHHHH,0.6,0.0,0.4,True,True
ggtdt_af3_A_1_mpnn_17,ggtdt_af3_A_1,8-22,CCTTPPPPPPPPPPP,CCCCHHHHHHHHHHH,0.7333,0.0,0.2667,./ggtdt_example/rfdiffusion_out/filter_results/ggtdt_af3_A_1.pdb,1.2071,1.6781,HGHGKPKKKKKKKKK,MHHHHHHHGHGKPKKKKKKKKKSSFTASKVSQYSCQRKTTLNNCNKKFTDAFEIMAENYEFKENEIFCLEFLRAASVLKSLPFPVTRMKDIQGLPCMGDRVRDVIEEIIEEGESSRAKDVLNDERYKSFKEFTSVFGVGVKTSEKWFRMGLRTVEEVKADKTLKLSKMQRAGFLYYEDLVSCVSKAEADAVSSIVKNTVCTFLPDALVTITGGFRRGKKIGHDIDFLITSPGQREDDELLHKGLLLYCDIIESTFVKEQIPSRHVDAMDHFQKCFAILKLYQPRVDNSSYNMSKKCDMAEVKDWKAIRVDLVITPFEQYAYALLGWTGSRQFGRDLRRYATHERKMMLDNHALYDKRKRVFLKAGSEEEIFAHLGLDYVEPWERNA,0.8356848955154419,76.4607,CCCCCCCCCCCCCCC,CCCCCCCCCCCCCCC,0.0,0.0,1.0,False,False
ggtdt_af3_A_1_mpnn_18,ggtdt_af3_A_1,8-22,CCTTPPPPPPPPPPP,CCCCHHHHHHHHHHH,0.7333,0.0,0.2667,./ggtdt_example/rfdiffusion_out/filter_results/ggtdt_af3_A_1.pdb,1.6679,1.699,MGVGEPAPRLPAPLP,MHHHHHHMGVGEPAPRLPAPLPSSFTASKVSQYSCQRKTTLNNCNKKFTDAFEIMAENYEFKENEIFCLEFLRAASVLKSLPFPVTRMKDIQGLPCMGDRVRDVIEEIIEEGESSRAKDVLNDERYKSFKEFTSVFGVGVKTSEKWFRMGLRTVEEVKADKTLKLSKMQRAGFLYYEDLVSCVSKAEADAVSSIVKNTVCTFLPDALVTITGGFRRGKKIGHDIDFLITSPGQREDDELLHKGLLLYCDIIESTFVKEQIPSRHVDAMDHFQKCFAILKLYQPRVDNSSYNMSKKCDMAEVKDWKAIRVDLVITPFEQYAYALLGWTGSRQFGRDLRRYATHERKMMLDNHALYDKRKRVFLKAGSEEEIFAHLGLDYVEPWERNA,0.8287136554718018,74.96436,CCCCCCCCCCCCCCC,CCCCCCCCCCCCCCC,0.0,0.0,1.0,False,False
ggtdt_af3_A_1_mpnn_19,ggtdt_af3_A_1,8-22,CCTTPPPPPPPPPPP,CCCCHHHHHHHHHHH,0.7333,0.0,0.2667,./ggtdt_example/rfdiffusion_out/filter_results/ggtdt_af3_A_1.pdb,1.3076,1.6905,HGHGRPRRRRPRKRP,MHHHHHHHGHGRPRRRRPRKRPSSFTASKVSQYSCQRKTTLNNCNKKFTDAFEIMAENYEFKENEIFCLEFLRAASVLKSLPFPVTRMKDIQGLPCMGDRVRDVIEEIIEEGESSRAKDVLNDERYKSFKEFTSVFGVGVKTSEKWFRMGLRTVEEVKADKTLKLSKMQRAGFLYYEDLVSCVSKAEADAVSSIVKNTVCTFLPDALVTITGGFRRGKKIGHDIDFLITSPGQREDDELLHKGLLLYCDIIESTFVKEQIPSRHVDAMDHFQKCFAILKLYQPRVDNSSYNMSKKCDMAEVKDWKAIRVDLVITPFEQYAYALLGWTGSRQFGRDLRRYATHERKMMLDNHALYDKRKRVFLKAGSEEEIFAHLGLDYVEPWERNA,0.8343684673309326,76.25142,CCCCCCCCCCPPPPC,CCCCCCCCCCHHHHC,0.2667,0.0,0.7333,False,False
ggtdt_af3_A_4_mpnn_1,ggtdt_af3_A_4,8-22,CCCPPPPPPCPPPCP,CCCHHHHHHCHHHCH,0.6667,0.0,0.3333,./ggtdt_example/rfdiffusion_out/filter_results/ggtdt_af3_A_4.pdb,1.6097,1.7085,HHHHAPKPTVPKKVT,MHHHHHHHHHHAPKPTVPKKVTSSFTASKVSQYSCQRKTTLNNCNKKFTDAFEIMAENYEFKENEIFCLEFLRAASVLKSLPFPVTRMKDIQGLPCMGDRVRDVIEEIIEEGESSRAKDVLNDERYKSFKEFTSVFGVGVKTSEKWFRMGLRTVEEVKADKTLKLSKMQRAGFLYYEDLVSCVSKAEADAVSSIVKNTVCTFLPDALVTITGGFRRGKKIGHDIDFLITSPGQREDDELLHKGLLLYCDIIESTFVKEQIPSRHVDAMDHFQKCFAILKLYQPRVDNSSYNMSKKCDMAEVKDWKAIRVDLVITPFEQYAYALLGWTGSRQFGRDLRRYATHERKMMLDNHALYDKRKRVFLKAGSEEEIFAHLGLDYVEPWERNA,0.8211513161659241,75.02373,CCCCCCCCCCCCCCC,CCCCCCCCCCCCCCC,0.0,0.0,1.0,False,False
ggtdt_af3_A_4_mpnn_2,ggtdt_af3_A_4,8-22,CCCPPPPPPCPPPCP,CCCHHHHHHCHHHCH,0.6667,0.0,0.3333,./ggtdt_example/rfdiffusion_out/filter_results/ggtdt_af3_A_4.pdb,1.6772,1.704,HHRPPPKPFVPPVVV,MHHHHHHHHRPPPKPFVPPVVVSSFTASKVSQYSCQRKTTLNNCNKKFTDAFEIMAENYEFKENEIFCLEFLRAASVLKSLPFPVTRMKDIQGLPCMGDRVRDVIEEIIEEGESSRAKDVLNDERYKSFKEFTSVFGVGVKTSEKWFRMGLRTVEEVKADKTLKLSKMQRAGFLYYEDLVSCVSKAEADAVSSIVKNTVCTFLPDALVTITGGFRRGKKIGHDIDFLITSPGQREDDELLHKGLLLYCDIIESTFVKEQIPSRHVDAMDHFQKCFAILKLYQPRVDNSSYNMSKKCDMAEVKDWKAIRVDLVITPFEQYAYALLGWTGSRQFGRDLRRYATHERKMMLDNHALYDKRKRVFLKAGSEEEIFAHLGLDYVEPWERNA,0.8260791301727295,75.601746,CCPPPPPCCCCCCCC,CCHHHHHCCCCCCCC,0.3333,0.0,0.6667,False,False
ggtdt_af3_A_4_mpnn_4,ggtdt_af3_A_4,8-22,CCCPPPPPPCPPPCP,CCCHHHHHHCHHHCH,0.6667,0.0,0.3333,./ggtdt_example/rfdiffusion_out/filter_results/ggtdt_af3_A_4.pdb,1.4402,1.7082,HHHHHPKPIVPTVVR,MHHHHHHHHHHHPKPIVPTVVRSSFTASKVSQYSCQRKTTLNNCNKKFTDAFEIMAENYEFKENEIFCLEFLRAASVLKSLPFPVTRMKDIQGLPCMGDRVRDVIEEIIEEGESSRAKDVLNDERYKSFKEFTSVFGVGVKTSEKWFRMGLRTVEEVKADKTLKLSKMQRAGFLYYEDLVSCVSKAEADAVSSIVKNTVCTFLPDALVTITGGFRRGKKIGHDIDFLITSPGQREDDELLHKGLLLYCDIIESTFVKEQIPSRHVDAMDHFQKCFAILKLYQPRVDNSSYNMSKKCDMAEVKDWKAIRVDLVITPFEQYAYALLGWTGSRQFGRDLRRYATHERKMMLDNHALYDKRKRVFLKAGSEEEIFAHLGLDYVEPWERNA,0.8256465196609497,75.30811,CCCCCCCCCCCCCCC,CCCCCCCCCCCCCCC,0.0,0.0,1.0,False,False
ggtdt_af3_A_4_mpnn_5,ggtdt_af3_A_4,8-22,CCCPPPPPPCPPPCP,CCCHHHHHHCHHHCH,0.6667,0.0,0.3333,./ggtdt_example/rfdiffusion_out/filter_results/ggtdt_af3_A_4.pdb,1.4649,1.7008,HHHHKPKKKVPKKIT,MHHHHHHHHHHKPKKKVPKKITSSFTASKVSQYSCQRKTTLNNCNKKFTDAFEIMAENYEFKENEIFCLEFLRAASVLKSLPFPVTRMKDIQGLPCMGDRVRDVIEEIIEEGESSRAKDVLNDERYKSFKEFTSVFGVGVKTSEKWFRMGLRTVEEVKADKTLKLSKMQRAGFLYYEDLVSCVSKAEADAVSSIVKNTVCTFLPDALVTITGGFRRGKKIGHDIDFLITSPGQREDDELLHKGLLLYCDIIESTFVKEQIPSRHVDAMDHFQKCFAILKLYQPRVDNSSYNMSKKCDMAEVKDWKAIRVDLVITPFEQYAYALLGWTGSRQFGRDLRRYATHERKMMLDNHALYDKRKRVFLKAGSEEEIFAHLGLDYVEPWERNA,0.8228065371513367,75.034645,CCCCCCCCCCCCCCC,CCCCCCCCCCCCCCC,0.0,0.0,1.0,False,False
ggtdt_af3_A_4_mpnn_7,ggtdt_af3_A_4,8-22,CCCPPPPPPCPPPCP,CCCHHHHHHCHHHCH,0.6667,0.0,0.3333,./ggtdt_example/rfdiffusion_out/filter_results/ggtdt_af3_A_4.pdb,1.4673,1.6976,HHHHKPKPVVPKVVV,MHHHHHHHHHHKPKPVVPKVVVSSFTASKVSQYSCQRKTTLNNCNKKFTDAFEIMAENYEFKENEIFCLEFLRAASVLKSLPFPVTRMKDIQGLPCMGDRVRDVIEEIIEEGESSRAKDVLNDERYKSFKEFTSVFGVGVKTSEKWFRMGLRTVEEVKADKTLKLSKMQRAGFLYYEDLVSCVSKAEADAVSSIVKNTVCTFLPDALVTITGGFRRGKKIGHDIDFLITSPGQREDDELLHKGLLLYCDIIESTFVKEQIPSRHVDAMDHFQKCFAILKLYQPRVDNSSYNMSKKCDMAEVKDWKAIRVDLVITPFEQYAYALLGWTGSRQFGRDLRRYATHERKMMLDNHALYDKRKRVFLKAGSEEEIFAHLGLDYVEPWERNA,0.8165519833564758,74.339226,CCCCCCCCCCCCCCC,CCCCCCCCCCCCCCC,0.0,0.0,1.0,False,False
ggtdt_af3_A_4_mpnn_13,ggtdt_af3_A_4,8-22,CCCPPPPPPCPPPCP,CCCHHHHHHCHHHCH,0.6667,0.0,0.3333,./ggtdt_example/rfdiffusion_out/filter_results/ggtdt_af3_A_4.pdb,1.4425,1.7045,HHHHKKKKKIPKVKK,MHHHHHHHHHHKKKKKIPKVKKSSFTASKVSQYSCQRKTTLNNCNKKFTDAFEIMAENYEFKENEIFCLEFLRAASVLKSLPFPVTRMKDIQGLPCMGDRVRDVIEEIIEEGESSRAKDVLNDERYKSFKEFTSVFGVGVKTSEKWFRMGLRTVEEVKADKTLKLSKMQRAGFLYYEDLVSCVSKAEADAVSSIVKNTVCTFLPDALVTITGGFRRGKKIGHDIDFLITSPGQREDDELLHKGLLLYCDIIESTFVKEQIPSRHVDAMDHFQKCFAILKLYQPRVDNSSYNMSKKCDMAEVKDWKAIRVDLVITPFEQYAYALLGWTGSRQFGRDLRRYATHERKMMLDNHALYDKRKRVFLKAGSEEEIFAHLGLDYVEPWERNA,0.8305891156196594,75.83865,CCCCCCCCCCCCCCC,CCCCCCCCCCCCCCC,0.0,0.0,1.0,False,False
ggtdt_af3_A_4_mpnn_15,ggtdt_af3_A_4,8-22,CCCPPPPPPCPPPCP,CCCHHHHHHCHHHCH,0.6667,0.0,0.3333,./ggtdt_example/rfdiffusion_out/filter_results/ggtdt_af3_A_4.pdb,1.5612,1.7021,HHHPKKKPYVPKVKV,MHHHHHHHHHPKKKPYVPKVKVSSFTASKVSQYSCQRKTTLNNCNKKFTDAFEIMAENYEFKENEIFCLEFLRAASVLKSLPFPVTRMKDIQGLPCMGDRVRDVIEEIIEEGESSRAKDVLNDERYKSFKEFTSVFGVGVKTSEKWFRMGLRTVEEVKADKTLKLSKMQRAGFLYYEDLVSCVSKAEADAVSSIVKNTVCTFLPDALVTITGGFRRGKKIGHDIDFLITSPGQREDDELLHKGLLLYCDIIESTFVKEQIPSRHVDAMDHFQKCFAILKLYQPRVDNSSYNMSKKCDMAEVKDWKAIRVDLVITPFEQYAYALLGWTGSRQFGRDLRRYATHERKMMLDNHALYDKRKRVFLKAGSEEEIFAHLGLDYVEPWERNA,0.8134560585021973,73.80409,CCCCCCCCCCCCCCC,CCCCCCCCCCCCCCC,0.0,0.0,1.0,False,False
ggtdt_af3_A_4_mpnn_16,ggtdt_af3_A_4,8-22,CCCPPPPPPCPPPCP,CCCHHHHHHCHHHCH,0.6667,0.0,0.3333,./ggtdt_example/rfdiffusion_out/filter_results/ggtdt_af3_A_4.pdb,1.5778,1.6821,HHHPRPRPVIPTVKL,MHHHHHHHHHPRPRPVIPTVKLSSFTASKVSQYSCQRKTTLNNCNKKFTDAFEIMAENYEFKENEIFCLEFLRAASVLKSLPFPVTRMKDIQGLPCMGDRVRDVIEEIIEEGESSRAKDVLNDERYKSFKEFTSVFGVGVKTSEKWFRMGLRTVEEVKADKTLKLSKMQRAGFLYYEDLVSCVSKAEADAVSSIVKNTVCTFLPDALVTITGGFRRGKKIGHDIDFLITSPGQREDDELLHKGLLLYCDIIESTFVKEQIPSRHVDAMDHFQKCFAILKLYQPRVDNSSYNMSKKCDMAEVKDWKAIRVDLVITPFEQYAYALLGWTGSRQFGRDLRRYATHERKMMLDNHALYDKRKRVFLKAGSEEEIFAHLGLDYVEPWERNA,0.8221567273139954,74.83272,CCCCCCCCCCCCCCC,CCCCCCCCCCCCCCC,0.0,0.0,1.0,False,False
ggtdt_af3_A_4_mpnn_18,ggtdt_af3_A_4,8-22,CCCPPPPPPCPPPCP,CCCHHHHHHCHHHCH,0.6667,0.0,0.3333,./ggtdt_example/rfdiffusion_out/filter_results/ggtdt_af3_A_4.pdb,1.4336,1.6952,HHHHKPKKKVKKKVK,MHHHHHHHHHHKPKKKVKKKVKSSFTASKVSQYSCQRKTTLNNCNKKFTDAFEIMAENYEFKENEIFCLEFLRAASVLKSLPFPVTRMKDIQGLPCMGDRVRDVIEEIIEEGESSRAKDVLNDERYKSFKEFTSVFGVGVKTSEKWFRMGLRTVEEVKADKTLKLSKMQRAGFLYYEDLVSCVSKAEADAVSSIVKNTVCTFLPDALVTITGGFRRGKKIGHDIDFLITSPGQREDDELLHKGLLLYCDIIESTFVKEQIPSRHVDAMDHFQKCFAILKLYQPRVDNSSYNMSKKCDMAEVKDWKAIRVDLVITPFEQYAYALLGWTGSRQFGRDLRRYATHERKMMLDNHALYDKRKRVFLKAGSEEEIFAHLGLDYVEPWERNA,0.8264972567558289,75.51936,CCCCCCCCCCCCCCC,CCCCCCCCCCCCCCC,0.0,0.0,1.0,False,False
ggtdt_af3_A_5_mpnn_3,ggtdt_af3_A_5,8-22,CSSCCPPPPCPPPPC,CCCCCHHHHCHHHHC,0.5333,0.0,0.4667,./ggtdt_example/rfdiffusion_out/filter_results/ggtdt_af3_A_5.pdb,1.4622,1.7076,HHGGKPAAVEPPPVV,MHHHHHHHHGGKPAAVEPPPVVSSFTASKVSQYSCQRKTTLNNCNKKFTDAFEIMAENYEFKENEIFCLEFLRAASVLKSLPFPVTRMKDIQGLPCMGDRVRDVIEEIIEEGESSRAKDVLNDERYKSFKEFTSVFGVGVKTSEKWFRMGLRTVEEVKADKTLKLSKMQRAGFLYYEDLVSCVSKAEADAVSSIVKNTVCTFLPDALVTITGGFRRGKKIGHDIDFLITSPGQREDDELLHKGLLLYCDIIESTFVKEQIPSRHVDAMDHFQKCFAILKLYQPRVDNSSYNMSKKCDMAEVKDWKAIRVDLVITPFEQYAYALLGWTGSRQFGRDLRRYATHERKMMLDNHALYDKRKRVFLKAGSEEEIFAHLGLDYVEPWERNA,0.8230609893798828,75.0145,CCCCCCCCCCCCCCC,CCCCCCCCCCCCCCC,0.0,0.0,1.0,False,False
ggtdt_af3_A_5_mpnn_11,ggtdt_af3_A_5,8-22,CSSCCPPPPCPPPPC,CCCCCHHHHCHHHHC,0.5333,0.0,0.4667,./ggtdt_example/rfdiffusion_out/filter_results/ggtdt_af3_A_5.pdb,1.5222,1.7014,HHGGAPKEVIPPLKV,MHHHHHHHHGGAPKEVIPPLKVSSFTASKVSQYSCQRKTTLNNCNKKFTDAFEIMAENYEFKENEIFCLEFLRAASVLKSLPFPVTRMKDIQGLPCMGDRVRDVIEEIIEEGESSRAKDVLNDERYKSFKEFTSVFGVGVKTSEKWFRMGLRTVEEVKADKTLKLSKMQRAGFLYYEDLVSCVSKAEADAVSSIVKNTVCTFLPDALVTITGGFRRGKKIGHDIDFLITSPGQREDDELLHKGLLLYCDIIESTFVKEQIPSRHVDAMDHFQKCFAILKLYQPRVDNSSYNMSKKCDMAEVKDWKAIRVDLVITPFEQYAYALLGWTGSRQFGRDLRRYATHERKMMLDNHALYDKRKRVFLKAGSEEEIFAHLGLDYVEPWERNA,0.823632001876831,74.97362,CCCCCCCCCCCCCCC,CCCCCCCCCCCCCCC,0.0,0.0,1.0,False,False
ggtdt_af3_A_5_mpnn_19,ggtdt_af3_A_5,8-22,CSSCCPPPPCPPPPC,CCCCCHHHHCHHHHC,0.5333,0.0,0.4667,./ggtdt_example/rfdiffusion_out/filter_results/ggtdt_af3_A_5.pdb,1.4097,1.706,HHGGKPRVVVPPPVV,MHHHHHHHHGGKPRVVVPPPVVSSFTASKVSQYSCQRKTTLNNCNKKFTDAFEIMAENYEFKENEIFCLEFLRAASVLKSLPFPVTRMKDIQGLPCMGDRVRDVIEEIIEEGESSRAKDVLNDERYKSFKEFTSVFGVGVKTSEKWFRMGLRTVEEVKADKTLKLSKMQRAGFLYYEDLVSCVSKAEADAVSSIVKNTVCTFLPDALVTITGGFRRGKKIGHDIDFLITSPGQREDDELLHKGLLLYCDIIESTFVKEQIPSRHVDAMDHFQKCFAILKLYQPRVDNSSYNMSKKCDMAEVKDWKAIRVDLVITPFEQYAYALLGWTGSRQFGRDLRRYATHERKMMLDNHALYDKRKRVFLKAGSEEEIFAHLGLDYVEPWERNA,0.8279470205307007,75.76278,CCCCCCCCCCCCCCC,CCCCCCCCCCCCCCC,0.0,0.0,1.0,False,False
ggtdt_af3_A_6_mpnn_1,ggtdt_af3_A_6,8-22,CCCCPPPPPPPPPPC,CCCCHHHHHHHHHHC,0.6667,0.0,0.3333,./ggtdt_example/rfdiffusion_out/filter_results/ggtdt_af3_A_6.pdb,1.6422,1.6993,HGVPVRPKVKPLPKT,MHHHHHHHGVPVRPKVKPLPKTSSFTASKVSQYSCQRKTTLNNCNKKFTDAFEIMAENYEFKENEIFCLEFLRAASVLKSLPFPVTRMKDIQGLPCMGDRVRDVIEEIIEEGESSRAKDVLNDERYKSFKEFTSVFGVGVKTSEKWFRMGLRTVEEVKADKTLKLSKMQRAGFLYYEDLVSCVSKAEADAVSSIVKNTVCTFLPDALVTITGGFRRGKKIGHDIDFLITSPGQREDDELLHKGLLLYCDIIESTFVKEQIPSRHVDAMDHFQKCFAILKLYQPRVDNSSYNMSKKCDMAEVKDWKAIRVDLVITPFEQYAYALLGWTGSRQFGRDLRRYATHERKMMLDNHALYDKRKRVFLKAGSEEEIFAHLGLDYVEPWERNA,0.8168139457702637,74.22072,CCCCCCCCCCCCCCC,CCCCCCCCCCCCCCC,0.0,0.0,1.0,False,False
ggtdt_af3_A_6_mpnn_4,ggtdt_af3_A_6,8-22,CCCCPPPPPPPPPPC,CCCCHHHHHHHHHHC,0.6667,0.0,0.3333,./ggtdt_example/rfdiffusion_out/filter_results/ggtdt_af3_A_6.pdb,1.2786,1.6938,HHHHHHVPVIPKPVT,MHHHHHHHHHHHHVPVIPKPVTSSFTASKVSQYSCQRKTTLNNCNKKFTDAFEIMAENYEFKENEIFCLEFLRAASVLKSLPFPVTRMKDIQGLPCMGDRVRDVIEEIIEEGESSRAKDVLNDERYKSFKEFTSVFGVGVKTSEKWFRMGLRTVEEVKADKTLKLSKMQRAGFLYYEDLVSCVSKAEADAVSSIVKNTVCTFLPDALVTITGGFRRGKKIGHDIDFLITSPGQREDDELLHKGLLLYCDIIESTFVKEQIPSRHVDAMDHFQKCFAILKLYQPRVDNSSYNMSKKCDMAEVKDWKAIRVDLVITPFEQYAYALLGWTGSRQFGRDLRRYATHERKMMLDNHALYDKRKRVFLKAGSEEEIFAHLGLDYVEPWERNA,0.8228937387466431,75.09748,CCCCCCCCCCCCCCC,CCCCCCCCCCCCCCC,0.0,0.0,1.0,False,False
ggtdt_af3_A_6_mpnn_5,ggtdt_af3_A_6,8-22,CCCCPPPPPPPPPPC,CCCCHHHHHHHHHHC,0.6667,0.0,0.3333,./ggtdt_example/rfdiffusion_out/filter_results/ggtdt_af3_A_6.pdb,1.2809,1.7002,HHHHHHHIEVPKPVT,MHHHHHHHHHHHHHIEVPKPVTSSFTASKVSQYSCQRKTTLNNCNKKFTDAFEIMAENYEFKENEIFCLEFLRAASVLKSLPFPVTRMKDIQGLPCMGDRVRDVIEEIIEEGESSRAKDVLNDERYKSFKEFTSVFGVGVKTSEKWFRMGLRTVEEVKADKTLKLSKMQRAGFLYYEDLVSCVSKAEADAVSSIVKNTVCTFLPDALVTITGGFRRGKKIGHDIDFLITSPGQREDDELLHKGLLLYCDIIESTFVKEQIPSRHVDAMDHFQKCFAILKLYQPRVDNSSYNMSKKCDMAEVKDWKAIRVDLVITPFEQYAYALLGWTGSRQFGRDLRRYATHERKMMLDNHALYDKRKRVFLKAGSEEEIFAHLGLDYVEPWERNA,0.826871395111084,75.81952,CCCCCCCCCCCCCCC,CCCCCCCCCCCCCCC,0.0,0.0,1.0,False,False
ggtdt_af3_A_6_mpnn_8,ggtdt_af3_A_6,8-22,CCCCPPPPPPPPPPC,CCCCHHHHHHHHHHC,0.6667,0.0,0.3333,./ggtdt_example/rfdiffusion_out/filter_results/ggtdt_af3_A_6.pdb,1.4958,1.6912,HGVPLPKPEVPKPKT,MHHHHHHHGVPLPKPEVPKPKTSSFTASKVSQYSCQRKTTLNNCNKKFTDAFEIMAENYEFKENEIFCLEFLRAASVLKSLPFPVTRMKDIQGLPCMGDRVRDVIEEIIEEGESSRAKDVLNDERYKSFKEFTSVFGVGVKTSEKWFRMGLRTVEEVKADKTLKLSKMQRAGFLYYEDLVSCVSKAEADAVSSIVKNTVCTFLPDALVTITGGFRRGKKIGHDIDFLITSPGQREDDELLHKGLLLYCDIIESTFVKEQIPSRHVDAMDHFQKCFAILKLYQPRVDNSSYNMSKKCDMAEVKDWKAIRVDLVITPFEQYAYALLGWTGSRQFGRDLRRYATHERKMMLDNHALYDKRKRVFLKAGSEEEIFAHLGLDYVEPWERNA,0.8245773315429688,75.70261,CCCCCCCCCCCCCCC,CCCCCCCCCCCCCCC,0.0,0.0,1.0,False,False
ggtdt_af3_A_6_mpnn_11,ggtdt_af3_A_6,8-22,CCCCPPPPPPPPPPC,CCCCHHHHHHHHHHC,0.6667,0.0,0.3333,./ggtdt_example/rfdiffusion_out/filter_results/ggtdt_af3_A_6.pdb,1.5373,1.7004,HGVPLPPVVIPLPKT,MHHHHHHHGVPLPPVVIPLPKTSSFTASKVSQYSCQRKTTLNNCNKKFTDAFEIMAENYEFKENEIFCLEFLRAASVLKSLPFPVTRMKDIQGLPCMGDRVRDVIEEIIEEGESSRAKDVLNDERYKSFKEFTSVFGVGVKTSEKWFRMGLRTVEEVKADKTLKLSKMQRAGFLYYEDLVSCVSKAEADAVSSIVKNTVCTFLPDALVTITGGFRRGKKIGHDIDFLITSPGQREDDELLHKGLLLYCDIIESTFVKEQIPSRHVDAMDHFQKCFAILKLYQPRVDNSSYNMSKKCDMAEVKDWKAIRVDLVITPFEQYAYALLGWTGSRQFGRDLRRYATHERKMMLDNHALYDKRKRVFLKAGSEEEIFAHLGLDYVEPWERNA,0.8253970742225647,75.2121,CCCCCCCCCCCCCCC,CCCCCCCCCCCCCCC,0.0,0.0,1.0,False,False
ggtdt_af3_A_6_mpnn_12,ggtdt_af3_A_6,8-22,CCCCPPPPPPPPPPC,CCCCHHHHHHHHHHC,0.6667,0.0,0.3333,./ggtdt_example/rfdiffusion_out/filter_results/ggtdt_af3_A_6.pdb,1.2702,1.6946,HHHHHPKIEVPKPKK,MHHHHHHHHHHHPKIEVPKPKKSSFTASKVSQYSCQRKTTLNNCNKKFTDAFEIMAENYEFKENEIFCLEFLRAASVLKSLPFPVTRMKDIQGLPCMGDRVRDVIEEIIEEGESSRAKDVLNDERYKSFKEFTSVFGVGVKTSEKWFRMGLRTVEEVKADKTLKLSKMQRAGFLYYEDLVSCVSKAEADAVSSIVKNTVCTFLPDALVTITGGFRRGKKIGHDIDFLITSPGQREDDELLHKGLLLYCDIIESTFVKEQIPSRHVDAMDHFQKCFAILKLYQPRVDNSSYNMSKKCDMAEVKDWKAIRVDLVITPFEQYAYALLGWTGSRQFGRDLRRYATHERKMMLDNHALYDKRKRVFLKAGSEEEIFAHLGLDYVEPWERNA,0.8236924409866333,75.34829,CCCCCCCCCCCCCCC,CCCCCCCCCCCCCCC,0.0,0.0,1.0,False,False
ggtdt_af3_A_6_mpnn_14,ggtdt_af3_A_6,8-22,CCCCPPPPPPPPPPC,CCCCHHHHHHHHHHC,0.6667,0.0,0.3333,./ggtdt_example/rfdiffusion_out/filter_results/ggtdt_af3_A_6.pdb,1.2699,1.6901,HHHHHPKPVVPKPVT,MHHHHHHHHHHHPKPVVPKPVTSSFTASKVSQYSCQRKTTLNNCNKKFTDAFEIMAENYEFKENEIFCLEFLRAASVLKSLPFPVTRMKDIQGLPCMGDRVRDVIEEIIEEGESSRAKDVLNDERYKSFKEFTSVFGVGVKTSEKWFRMGLRTVEEVKADKTLKLSKMQRAGFLYYEDLVSCVSKAEADAVSSIVKNTVCTFLPDALVTITGGFRRGKKIGHDIDFLITSPGQREDDELLHKGLLLYCDIIESTFVKEQIPSRHVDAMDHFQKCFAILKLYQPRVDNSSYNMSKKCDMAEVKDWKAIRVDLVITPFEQYAYALLGWTGSRQFGRDLRRYATHERKMMLDNHALYDKRKRVFLKAGSEEEIFAHLGLDYVEPWERNA,0.8198674917221069,74.93588,CCCCCCCCCCCCCCC,CCCCCCCCCCCCCCC,0.0,0.0,1.0,False,False
ggtdt_af3_A_6_mpnn_17,ggtdt_af3_A_6,8-22,CCCCPPPPPPPPPPC,CCCCHHHHHHHHHHC,0.6667,0.0,0.3333,./ggtdt_example/rfdiffusion_out/filter_results/ggtdt_af3_A_6.pdb,1.4234,1.7004,HGHHVKKKKVPKPKT,MHHHHHHHGHHVKKKKVPKPKTSSFTASKVSQYSCQRKTTLNNCNKKFTDAFEIMAENYEFKENEIFCLEFLRAASVLKSLPFPVTRMKDIQGLPCMGDRVRDVIEEIIEEGESSRAKDVLNDERYKSFKEFTSVFGVGVKTSEKWFRMGLRTVEEVKADKTLKLSKMQRAGFLYYEDLVSCVSKAEADAVSSIVKNTVCTFLPDALVTITGGFRRGKKIGHDIDFLITSPGQREDDELLHKGLLLYCDIIESTFVKEQIPSRHVDAMDHFQKCFAILKLYQPRVDNSSYNMSKKCDMAEVKDWKAIRVDLVITPFEQYAYALLGWTGSRQFGRDLRRYATHERKMMLDNHALYDKRKRVFLKAGSEEEIFAHLGLDYVEPWERNA,0.8195888996124268,74.73456,CCCCCCCCCCCCCCC,CCCCCCCCCCCCCCC,0.0,0.0,1.0,False,False
ggtdt_af3_A_7_mpnn_2,ggtdt_af3_A_7,8-22,CCCCPPPPPPPSSPP,CCCCHHHHHHHCCHH,0.6,0.0,0.4,./ggtdt_example/rfdiffusion_out/filter_results/ggtdt_af3_A_7.pdb,1.2835,1.6865,HGAGPPAPVPPAVKK,MHHHHHHHGAGPPAPVPPAVKKSSFTASKVSQYSCQRKTTLNNCNKKFTDAFEIMAENYEFKENEIFCLEFLRAASVLKSLPFPVTRMKDIQGLPCMGDRVRDVIEEIIEEGESSRAKDVLNDERYKSFKEFTSVFGVGVKTSEKWFRMGLRTVEEVKADKTLKLSKMQRAGFLYYEDLVSCVSKAEADAVSSIVKNTVCTFLPDALVTITGGFRRGKKIGHDIDFLITSPGQREDDELLHKGLLLYCDIIESTFVKEQIPSRHVDAMDHFQKCFAILKLYQPRVDNSSYNMSKKCDMAEVKDWKAIRVDLVITPFEQYAYALLGWTGSRQFGRDLRRYATHERKMMLDNHALYDKRKRVFLKAGSEEEIFAHLGLDYVEPWERNA,0.8251701593399048,74.99673,CCCCCCCCCCCCCCC,CCCCCCCCCCCCCCC,0.0,0.0,1.0,False,False
ggtdt_af3_A_7_mpnn_3,ggtdt_af3_A_7,8-22,CCCCPPPPPPPSSPP,CCCCHHHHHHHCCHH,0.6,0.0,0.4,./ggtdt_example/rfdiffusion_out/filter_results/ggtdt_af3_A_7.pdb,1.2637,1.7,HGAGPPPPVPPAVTV,MHHHHHHHGAGPPPPVPPAVTVSSFTASKVSQYSCQRKTTLNNCNKKFTDAFEIMAENYEFKENEIFCLEFLRAASVLKSLPFPVTRMKDIQGLPCMGDRVRDVIEEIIEEGESSRAKDVLNDERYKSFKEFTSVFGVGVKTSEKWFRMGLRTVEEVKADKTLKLSKMQRAGFLYYEDLVSCVSKAEADAVSSIVKNTVCTFLPDALVTITGGFRRGKKIGHDIDFLITSPGQREDDELLHKGLLLYCDIIESTFVKEQIPSRHVDAMDHFQKCFAILKLYQPRVDNSSYNMSKKCDMAEVKDWKAIRVDLVITPFEQYAYALLGWTGSRQFGRDLRRYATHERKMMLDNHALYDKRKRVFLKAGSEEEIFAHLGLDYVEPWERNA,0.8269878625869751,75.11168,CCCCCCCCCCCCCCG,CCCCCCCCCCCCCCH,0.0667,0.0,0.9333,False,False
ggtdt_af3_A_7_mpnn_6,ggtdt_af3_A_7,8-22,CCCCPPPPPPPSSPP,CCCCHHHHHHHCCHH,0.6,0.0,0.4,./ggtdt_example/rfdiffusion_out/filter_results/ggtdt_af3_A_7.pdb,1.2889,1.7006,HGPGPPAPVPPPVVR,MHHHHHHHGPGPPAPVPPPVVRSSFTASKVSQYSCQRKTTLNNCNKKFTDAFEIMAENYEFKENEIFCLEFLRAASVLKSLPFPVTRMKDIQGLPCMGDRVRDVIEEIIEEGESSRAKDVLNDERYKSFKEFTSVFGVGVKTSEKWFRMGLRTVEEVKADKTLKLSKMQRAGFLYYEDLVSCVSKAEADAVSSIVKNTVCTFLPDALVTITGGFRRGKKIGHDIDFLITSPGQREDDELLHKGLLLYCDIIESTFVKEQIPSRHVDAMDHFQKCFAILKLYQPRVDNSSYNMSKKCDMAEVKDWKAIRVDLVITPFEQYAYALLGWTGSRQFGRDLRRYATHERKMMLDNHALYDKRKRVFLKAGSEEEIFAHLGLDYVEPWERNA,0.8269047737121582,75.40453,CCCCCCCCCCCCCCC,CCCCCCCCCCCCCCC,0.0,0.0,1.0,False,False
ggtdt_af3_A_7_mpnn_8,ggtdt_af3_A_7,8-22,CCCCPPPPPPPSSPP,CCCCHHHHHHHCCHH,0.6,0.0,0.4,./ggtdt_example/rfdiffusion_out/filter_results/ggtdt_af3_A_7.pdb,1.1917,1.6992,HGPGKPPPVPPLVKK,MHHHHHHHGPGKPPPVPPLVKKSSFTASKVSQYSCQRKTTLNNCNKKFTDAFEIMAENYEFKENEIFCLEFLRAASVLKSLPFPVTRMKDIQGLPCMGDRVRDVIEEIIEEGESSRAKDVLNDERYKSFKEFTSVFGVGVKTSEKWFRMGLRTVEEVKADKTLKLSKMQRAGFLYYEDLVSCVSKAEADAVSSIVKNTVCTFLPDALVTITGGFRRGKKIGHDIDFLITSPGQREDDELLHKGLLLYCDIIESTFVKEQIPSRHVDAMDHFQKCFAILKLYQPRVDNSSYNMSKKCDMAEVKDWKAIRVDLVITPFEQYAYALLGWTGSRQFGRDLRRYATHERKMMLDNHALYDKRKRVFLKAGSEEEIFAHLGLDYVEPWERNA,0.8231089115142822,73.67282,CCCCCPPPCCCCCCG,CCCCCHHHCCCCCCH,0.2667,0.0,0.7333,False,False
ggtdt_af3_A_7_mpnn_11,ggtdt_af3_A_7,8-22,CCCCPPPPPPPSSPP,CCCCHHHHHHHCCHH,0.6,0.0,0.4,./ggtdt_example/rfdiffusion_out/filter_results/ggtdt_af3_A_7.pdb,1.2801,1.6991,HGAGKPKPKPPKKKI,MHHHHHHHGAGKPKPKPPKKKISSFTASKVSQYSCQRKTTLNNCNKKFTDAFEIMAENYEFKENEIFCLEFLRAASVLKSLPFPVTRMKDIQGLPCMGDRVRDVIEEIIEEGESSRAKDVLNDERYKSFKEFTSVFGVGVKTSEKWFRMGLRTVEEVKADKTLKLSKMQRAGFLYYEDLVSCVSKAEADAVSSIVKNTVCTFLPDALVTITGGFRRGKKIGHDIDFLITSPGQREDDELLHKGLLLYCDIIESTFVKEQIPSRHVDAMDHFQKCFAILKLYQPRVDNSSYNMSKKCDMAEVKDWKAIRVDLVITPFEQYAYALLGWTGSRQFGRDLRRYATHERKMMLDNHALYDKRKRVFLKAGSEEEIFAHLGLDYVEPWERNA,0.8240669965744019,75.24867,CCCCCCCCCCCCCCC,CCCCCCCCCCCCCCC,0.0,0.0,1.0,False,False
ggtdt_af3_A_7_mpnn_17,ggtdt_af3_A_7,8-22,CCCCPPPPPPPSSPP,CCCCHHHHHHHCCHH,0.6,0.0,0.4,./ggtdt_example/rfdiffusion_out/filter_results/ggtdt_af3_A_7.pdb,1.3335,1.6909,HGPGKPAPKPPRVKI,MHHHHHHHGPGKPAPKPPRVKISSFTASKVSQYSCQRKTTLNNCNKKFTDAFEIMAENYEFKENEIFCLEFLRAASVLKSLPFPVTRMKDIQGLPCMGDRVRDVIEEIIEEGESSRAKDVLNDERYKSFKEFTSVFGVGVKTSEKWFRMGLRTVEEVKADKTLKLSKMQRAGFLYYEDLVSCVSKAEADAVSSIVKNTVCTFLPDALVTITGGFRRGKKIGHDIDFLITSPGQREDDELLHKGLLLYCDIIESTFVKEQIPSRHVDAMDHFQKCFAILKLYQPRVDNSSYNMSKKCDMAEVKDWKAIRVDLVITPFEQYAYALLGWTGSRQFGRDLRRYATHERKMMLDNHALYDKRKRVFLKAGSEEEIFAHLGLDYVEPWERNA,0.8176779747009277,74.40864,CCCCCCCCCCCCCCC,CCCCCCCCCCCCCCC,0.0,0.0,1.0,False,False
ggtdt_af3_A_9_mpnn_0,ggtdt_af3_A_9,8-22,CCTTPPPPPPPSSPP,CCCCHHHHHHHCCHH,0.6,0.0,0.4,./ggtdt_example/rfdiffusion_out/filter_results/ggtdt_af3_A_9.pdb,1.7381,1.7079,HHWNLPVTILPKKKK,MHHHHHHHHWNLPVTILPKKKKSSFTASKVSQYSCQRKTTLNNCNKKFTDAFEIMAENYEFKENEIFCLEFLRAASVLKSLPFPVTRMKDIQGLPCMGDRVRDVIEEIIEEGESSRAKDVLNDERYKSFKEFTSVFGVGVKTSEKWFRMGLRTVEEVKADKTLKLSKMQRAGFLYYEDLVSCVSKAEADAVSSIVKNTVCTFLPDALVTITGGFRRGKKIGHDIDFLITSPGQREDDELLHKGLLLYCDIIESTFVKEQIPSRHVDAMDHFQKCFAILKLYQPRVDNSSYNMSKKCDMAEVKDWKAIRVDLVITPFEQYAYALLGWTGSRQFGRDLRRYATHERKMMLDNHALYDKRKRVFLKAGSEEEIFAHLGLDYVEPWERNA,0.8203860521316528,74.71242,CCCCCCCCCCCCCCC,CCCCCCCCCCCCCCC,0.0,0.0,1.0,False,False
ggtdt_af3_A_9_mpnn_2,ggtdt_af3_A_9,8-22,CCTTPPPPPPPSSPP,CCCCHHHHHHHCCHH,0.6,0.0,0.4,./ggtdt_example/rfdiffusion_out/filter_results/ggtdt_af3_A_9.pdb,1.761,1.7071,HHLLRPVVVPPRTLT,MHHHHHHHHLLRPVVVPPRTLTSSFTASKVSQYSCQRKTTLNNCNKKFTDAFEIMAENYEFKENEIFCLEFLRAASVLKSLPFPVTRMKDIQGLPCMGDRVRDVIEEIIEEGESSRAKDVLNDERYKSFKEFTSVFGVGVKTSEKWFRMGLRTVEEVKADKTLKLSKMQRAGFLYYEDLVSCVSKAEADAVSSIVKNTVCTFLPDALVTITGGFRRGKKIGHDIDFLITSPGQREDDELLHKGLLLYCDIIESTFVKEQIPSRHVDAMDHFQKCFAILKLYQPRVDNSSYNMSKKCDMAEVKDWKAIRVDLVITPFEQYAYALLGWTGSRQFGRDLRRYATHERKMMLDNHALYDKRKRVFLKAGSEEEIFAHLGLDYVEPWERNA,0.8247387409210205,75.02386,CCCCCCCCCCCCCCC,CCCCCCCCCCCCCCC,0.0,0.0,1.0,False,False
ggtdt_af3_A_9_mpnn_3,ggtdt_af3_A_9,8-22,CCTTPPPPPPPSSPP,CCCCHHHHHHHCCHH,0.6,0.0,0.4,./ggtdt_example/rfdiffusion_out/filter_results/ggtdt_af3_A_9.pdb,1.4793,1.6979,HHHNHPVKILPKRLK,MHHHHHHHHHNHPVKILPKRLKSSFTASKVSQYSCQRKTTLNNCNKKFTDAFEIMAENYEFKENEIFCLEFLRAASVLKSLPFPVTRMKDIQGLPCMGDRVRDVIEEIIEEGESSRAKDVLNDERYKSFKEFTSVFGVGVKTSEKWFRMGLRTVEEVKADKTLKLSKMQRAGFLYYEDLVSCVSKAEADAVSSIVKNTVCTFLPDALVTITGGFRRGKKIGHDIDFLITSPGQREDDELLHKGLLLYCDIIESTFVKEQIPSRHVDAMDHFQKCFAILKLYQPRVDNSSYNMSKKCDMAEVKDWKAIRVDLVITPFEQYAYALLGWTGSRQFGRDLRRYATHERKMMLDNHALYDKRKRVFLKAGSEEEIFAHLGLDYVEPWERNA,0.8241068124771118,74.96396,CCCCCCCCCCCCCCC,CCCCCCCCCCCCCCC,0.0,0.0,1.0,False,False
ggtdt_af3_A_9_mpnn_4,ggtdt_af3_A_9,8-22,CCTTPPPPPPPSSPP,CCCCHHHHHHHCCHH,0.6,0.0,0.4,./ggtdt_example/rfdiffusion_out/filter_results/ggtdt_af3_A_9.pdb,1.6013,1.7053,HHHNRPVTVKPKKLL,MHHHHHHHHHNRPVTVKPKKLLSSFTASKVSQYSCQRKTTLNNCNKKFTDAFEIMAENYEFKENEIFCLEFLRAASVLKSLPFPVTRMKDIQGLPCMGDRVRDVIEEIIEEGESSRAKDVLNDERYKSFKEFTSVFGVGVKTSEKWFRMGLRTVEEVKADKTLKLSKMQRAGFLYYEDLVSCVSKAEADAVSSIVKNTVCTFLPDALVTITGGFRRGKKIGHDIDFLITSPGQREDDELLHKGLLLYCDIIESTFVKEQIPSRHVDAMDHFQKCFAILKLYQPRVDNSSYNMSKKCDMAEVKDWKAIRVDLVITPFEQYAYALLGWTGSRQFGRDLRRYATHERKMMLDNHALYDKRKRVFLKAGSEEEIFAHLGLDYVEPWERNA,0.8278747797012329,75.2771,CCCCCCCCCCCCCGG,CCCCCCCCCCCCCHH,0.1333,0.0,0.8667,False,False
ggtdt_af3_A_9_mpnn_9,ggtdt_af3_A_9,8-22,CCTTPPPPPPPSSPP,CCCCHHHHHHHCCHH,0.6,0.0,0.4,./ggtdt_example/rfdiffusion_out/filter_results/ggtdt_af3_A_9.pdb,1.6164,1.7101,HHPHVPVKVLPKSLK,MHHHHHHHHPHVPVKVLPKSLKSSFTASKVSQYSCQRKTTLNNCNKKFTDAFEIMAENYEFKENEIFCLEFLRAASVLKSLPFPVTRMKDIQGLPCMGDRVRDVIEEIIEEGESSRAKDVLNDERYKSFKEFTSVFGVGVKTSEKWFRMGLRTVEEVKADKTLKLSKMQRAGFLYYEDLVSCVSKAEADAVSSIVKNTVCTFLPDALVTITGGFRRGKKIGHDIDFLITSPGQREDDELLHKGLLLYCDIIESTFVKEQIPSRHVDAMDHFQKCFAILKLYQPRVDNSSYNMSKKCDMAEVKDWKAIRVDLVITPFEQYAYALLGWTGSRQFGRDLRRYATHERKMMLDNHALYDKRKRVFLKAGSEEEIFAHLGLDYVEPWERNA,0.8282098770141602,74.565186,CCCCCCCCCCCTHHH,CCCCCCCCCCCCHHH,0.2,0.0,0.8,False,False
ggtdt_af3_A_9_mpnn_10,ggtdt_af3_A_9,8-22,CCTTPPPPPPPSSPP,CCCCHHHHHHHCCHH,0.6,0.0,0.4,./ggtdt_example/rfdiffusion_out/filter_results/ggtdt_af3_A_9.pdb,1.579,1.7069,HHPNKPVVIKPKKLK,MHHHHHHHHPNKPVVIKPKKLKSSFTASKVSQYSCQRKTTLNNCNKKFTDAFEIMAENYEFKENEIFCLEFLRAASVLKSLPFPVTRMKDIQGLPCMGDRVRDVIEEIIEEGESSRAKDVLNDERYKSFKEFTSVFGVGVKTSEKWFRMGLRTVEEVKADKTLKLSKMQRAGFLYYEDLVSCVSKAEADAVSSIVKNTVCTFLPDALVTITGGFRRGKKIGHDIDFLITSPGQREDDELLHKGLLLYCDIIESTFVKEQIPSRHVDAMDHFQKCFAILKLYQPRVDNSSYNMSKKCDMAEVKDWKAIRVDLVITPFEQYAYALLGWTGSRQFGRDLRRYATHERKMMLDNHALYDKRKRVFLKAGSEEEIFAHLGLDYVEPWERNA,0.8170934915542603,74.390564,CCCCCCCCCCCCCCC,CCCCCCCCCCCCCCC,0.0,0.0,1.0,False,False
ggtdt_af3_A_9_mpnn_11,ggtdt_af3_A_9,8-22,CCTTPPPPPPPSSPP,CCCCHHHHHHHCCHH,0.6,0.0,0.4,./ggtdt_example/rfdiffusion_out/filter_results/ggtdt_af3_A_9.pdb,1.617,1.7135,HEKNRPVVILPKKKV,MHHHHHHHEKNRPVVILPKKKVSSFTASKVSQYSCQRKTTLNNCNKKFTDAFEIMAENYEFKENEIFCLEFLRAASVLKSLPFPVTRMKDIQGLPCMGDRVRDVIEEIIEEGESSRAKDVLNDERYKSFKEFTSVFGVGVKTSEKWFRMGLRTVEEVKADKTLKLSKMQRAGFLYYEDLVSCVSKAEADAVSSIVKNTVCTFLPDALVTITGGFRRGKKIGHDIDFLITSPGQREDDELLHKGLLLYCDIIESTFVKEQIPSRHVDAMDHFQKCFAILKLYQPRVDNSSYNMSKKCDMAEVKDWKAIRVDLVITPFEQYAYALLGWTGSRQFGRDLRRYATHERKMMLDNHALYDKRKRVFLKAGSEEEIFAHLGLDYVEPWERNA,0.8039323687553406,72.531334,CCCCCCCCCCCCCCC,CCCCCCCCCCCCCCC,0.0,0.0,1.0,False,False
ggtdt_af3_A_9_mpnn_13,ggtdt_af3_A_9,8-22,CCTTPPPPPPPSSPP,CCCCHHHHHHHCCHH,0.6,0.0,0.4,./ggtdt_example/rfdiffusion_out/filter_results/ggtdt_af3_A_9.pdb,1.6878,1.7064,HHPHEPVVILPEVLK,MHHHHHHHHPHEPVVILPEVLKSSFTASKVSQYSCQRKTTLNNCNKKFTDAFEIMAENYEFKENEIFCLEFLRAASVLKSLPFPVTRMKDIQGLPCMGDRVRDVIEEIIEEGESSRAKDVLNDERYKSFKEFTSVFGVGVKTSEKWFRMGLRTVEEVKADKTLKLSKMQRAGFLYYEDLVSCVSKAEADAVSSIVKNTVCTFLPDALVTITGGFRRGKKIGHDIDFLITSPGQREDDELLHKGLLLYCDIIESTFVKEQIPSRHVDAMDHFQKCFAILKLYQPRVDNSSYNMSKKCDMAEVKDWKAIRVDLVITPFEQYAYALLGWTGSRQFGRDLRRYATHERKMMLDNHALYDKRKRVFLKAGSEEEIFAHLGLDYVEPWERNA,0.8217343091964722,73.749466,CCCCCCCCCCCHHHH,CCCCCCCCCCCHHHH,0.2667,0.0,0.7333,False,False
ggtdt_af3_A_9_mpnn_18,ggtdt_af3_A_9,8-22,CCTTPPPPPPPSSPP,CCCCHHHHHHHCCHH,0.6,0.0,0.4,./ggtdt_example/rfdiffusion_out/filter_results/ggtdt_af3_A_9.pdb,1.5744,1.7061,HHHNEPVVILPSKKV,MHHHHHHHHHNEPVVILPSKKVSSFTASKVSQYSCQRKTTLNNCNKKFTDAFEIMAENYEFKENEIFCLEFLRAASVLKSLPFPVTRMKDIQGLPCMGDRVRDVIEEIIEEGESSRAKDVLNDERYKSFKEFTSVFGVGVKTSEKWFRMGLRTVEEVKADKTLKLSKMQRAGFLYYEDLVSCVSKAEADAVSSIVKNTVCTFLPDALVTITGGFRRGKKIGHDIDFLITSPGQREDDELLHKGLLLYCDIIESTFVKEQIPSRHVDAMDHFQKCFAILKLYQPRVDNSSYNMSKKCDMAEVKDWKAIRVDLVITPFEQYAYALLGWTGSRQFGRDLRRYATHERKMMLDNHALYDKRKRVFLKAGSEEEIFAHLGLDYVEPWERNA,0.8189945220947266,74.554344,CCCCCCCCCCCCCCC,CCCCCCCCCCCCCCC,0.0,0.0,1.0,False,False
ggtdt_af3_A_9_mpnn_19,ggtdt_af3_A_9,8-22,CCTTPPPPPPPSSPP,CCCCHHHHHHHCCHH,0.6,0.0,0.4,./ggtdt_example/rfdiffusion_out/filter_results/ggtdt_af3_A_9.pdb,1.6915,1.7059,HEKDKPVKIPPKTLK,MHHHHHHHEKDKPVKIPPKTLKSSFTASKVSQYSCQRKTTLNNCNKKFTDAFEIMAENYEFKENEIFCLEFLRAASVLKSLPFPVTRMKDIQGLPCMGDRVRDVIEEIIEEGESSRAKDVLNDERYKSFKEFTSVFGVGVKTSEKWFRMGLRTVEEVKADKTLKLSKMQRAGFLYYEDLVSCVSKAEADAVSSIVKNTVCTFLPDALVTITGGFRRGKKIGHDIDFLITSPGQREDDELLHKGLLLYCDIIESTFVKEQIPSRHVDAMDHFQKCFAILKLYQPRVDNSSYNMSKKCDMAEVKDWKAIRVDLVITPFEQYAYALLGWTGSRQFGRDLRRYATHERKMMLDNHALYDKRKRVFLKAGSEEEIFAHLGLDYVEPWERNA,0.8124405145645142,73.30986,CCCCCCCCCCCCCGG,CCCCCCCCCCCCCHH,0.1333,0.0,0.8667,False,False
