index,backbone,segment,ss8,ss3,H_prop,E_prop,C_prop,backbone_pdb,score,global_score,region,sequence,whether_pass
ggtdt_af3_A,ggtdt_af3,8-22,CCCCCCCCCCCCCCC,CCCCCCCCCCCCCCC,0.0,0.0,1.0,./ggtdt_example/ggtdt_af3.pdb,-,-,GGSGYPTLKTPESEV,MHHHHHHGGSGYPTLKTPESEVSSFTASKVSQYSCQRKTTLNNCNKKFTDAFEIMAENYEFKENEIFCLEFLRAASVLKSLPFPVTRMKDIQGLPCMGDRVRDVIEEIIEEGESSRAKDVLNDERYKSFKEFTSVFGVGVKTSEKWFRMGLRTVEEVKADKTLKLSKMQRAGFLYYEDLVSCVSKAEADAVSSIVKNTVCTFLPDALVTITGGFRRGKKIGHDIDFLITSPGQREDDELLHKGLLLYCDIIESTFVKEQIPSRHVDAMDHFQKCFAILKLYQPRVDNSSYNMSKKCDMAEVKDWKAIRVDLVITPFEQYAYALLGWTGSRQFGRDLRRYATHERKMMLDNHALYDKRKRVFLKAGSEEEIFAHLGLDYVEPWERNA,-
ggtdt_af3_A_1_mpnn_0,ggtdt_af3_A_1,8-22,CCTTPPPPPPPPPPP,CCCCHHHHHHHHHHH,0.7333,0.0,0.2667,./ggtdt_example/rfdiffusion_out/filter_results/ggtdt_af3_A_1.pdb,1.3582,1.7185,HGHGKPKPKTPPPKP,MHHHHHHHGHGKPKPKTPPPKPSSFTASKVSQYSCQRKTTLNNCNKKFTDAFEIMAENYEFKENEIFCLEFLRAASVLKSLPFPVTRMKDIQGLPCMGDRVRDVIEEIIEEGESSRAKDVLNDERYKSFKEFTSVFGVGVKTSEKWFRMGLRTVEEVKADKTLKLSKMQRAGFLYYEDLVSCVSKAEADAVSSIVKNTVCTFLPDALVTITGGFRRGKKIGHDIDFLITSPGQREDDELLHKGLLLYCDIIESTFVKEQIPSRHVDAMDHFQKCFAILKLYQPRVDNSSYNMSKKCDMAEVKDWKAIRVDLVITPFEQYAYALLGWTGSRQFGRDLRRYATHERKMMLDNHALYDKRKRVFLKAGSEEEIFAHLGLDYVEPWERNA,False
ggtdt_af3_A_1_mpnn_1,ggtdt_af3_A_1,8-22,CCTTPPPPPPPPPPP,CCCCHHHHHHHHHHH,0.7333,0.0,0.2667,./ggtdt_example/rfdiffusion_out/filter_results/ggtdt_af3_A_1.pdb,1.4122,1.7074,HGHGRPKPKLPLPLP,MHHHHHHHGHGRPKPKLPLPLPSSFTASKVSQYSCQRKTTLNNCNKKFTDAFEIMAENYEFKENEIFCLEFLRAASVLKSLPFPVTRMKDIQGLPCMGDRVRDVIEEIIEEGESSRAKDVLNDERYKSFKEFTSVFGVGVKTSEKWFRMGLRTVEEVKADKTLKLSKMQRAGFLYYEDLVSCVSKAEADAVSSIVKNTVCTFLPDALVTITGGFRRGKKIGHDIDFLITSPGQREDDELLHKGLLLYCDIIESTFVKEQIPSRHVDAMDHFQKCFAILKLYQPRVDNSSYNMSKKCDMAEVKDWKAIRVDLVITPFEQYAYALLGWTGSRQFGRDLRRYATHERKMMLDNHALYDKRKRVFLKAGSEEEIFAHLGLDYVEPWERNA,False
ggtdt_af3_A_1_mpnn_2,ggtdt_af3_A_1,8-22,CCTTPPPPPPPPPPP,CCCCHHHHHHHHHHH,0.7333,0.0,0.2667,./ggtdt_example/rfdiffusion_out/filter_results/ggtdt_af3_A_1.pdb,1.3412,1.6993,HGHGRPKPKKPKPKP,MHHHHHHHGHGRPKPKKPKPKPSSFTASKVSQYSCQRKTTLNNCNKKFTDAFEIMAENYEFKENEIFCLEFLRAASVLKSLPFPVTRMKDIQGLPCMGDRVRDVIEEIIEEGESSRAKDVLNDERYKSFKEFTSVFGVGVKTSEKWFRMGLRTVEEVKADKTLKLSKMQRAGFLYYEDLVSCVSKAEADAVSSIVKNTVCTFLPDALVTITGGFRRGKKIGHDIDFLITSPGQREDDELLHKGLLLYCDIIESTFVKEQIPSRHVDAMDHFQKCFAILKLYQPRVDNSSYNMSKKCDMAEVKDWKAIRVDLVITPFEQYAYALLGWTGSRQFGRDLRRYATHERKMMLDNHALYDKRKRVFLKAGSEEEIFAHLGLDYVEPWERNA,True
ggtdt_af3_A_1_mpnn_3,ggtdt_af3_A_1,8-22,CCTTPPPPPPPPPPP,CCCCHHHHHHHHHHH,0.7333,0.0,0.2667,./ggtdt_example/rfdiffusion_out/filter_results/ggtdt_af3_A_1.pdb,1.472,1.7063,HGRGRPKPVTPKPKP,MHHHHHHHGRGRPKPVTPKPKPSSFTASKVSQYSCQRKTTLNNCNKKFTDAFEIMAENYEFKENEIFCLEFLRAASVLKSLPFPVTRMKDIQGLPCMGDRVRDVIEEIIEEGESSRAKDVLNDERYKSFKEFTSVFGVGVKTSEKWFRMGLRTVEEVKADKTLKLSKMQRAGFLYYEDLVSCVSKAEADAVSSIVKNTVCTFLPDALVTITGGFRRGKKIGHDIDFLITSPGQREDDELLHKGLLLYCDIIESTFVKEQIPSRHVDAMDHFQKCFAILKLYQPRVDNSSYNMSKKCDMAEVKDWKAIRVDLVITPFEQYAYALLGWTGSRQFGRDLRRYATHERKMMLDNHALYDKRKRVFLKAGSEEEIFAHLGLDYVEPWERNA,False
ggtdt_af3_A_1_mpnn_4,ggtdt_af3_A_1,8-22,CCTTPPPPPPPPPPP,CCCCHHHHHHHHHHH,0.7333,0.0,0.2667,./ggtdt_example/rfdiffusion_out/filter_results/ggtdt_af3_A_1.pdb,1.3342,1.7098,HHHGRPKRRKPPKKP,MHHHHHHHHHGRPKRRKPPKKPSSFTASKVSQYSCQRKTTLNNCNKKFTDAFEIMAENYEFKENEIFCLEFLRAASVLKSLPFPVTRMKDIQGLPCMGDRVRDVIEEIIEEGESSRAKDVLNDERYKSFKEFTSVFGVGVKTSEKWFRMGLRTVEEVKADKTLKLSKMQRAGFLYYEDLVSCVSKAEADAVSSIVKNTVCTFLPDALVTITGGFRRGKKIGHDIDFLITSPGQREDDELLHKGLLLYCDIIESTFVKEQIPSRHVDAMDHFQKCFAILKLYQPRVDNSSYNMSKKCDMAEVKDWKAIRVDLVITPFEQYAYALLGWTGSRQFGRDLRRYATHERKMMLDNHALYDKRKRVFLKAGSEEEIFAHLGLDYVEPWERNA,False
ggtdt_af3_A_1_mpnn_5,ggtdt_af3_A_1,8-22,CCTTPPPPPPPPPPP,CCCCHHHHHHHHHHH,0.7333,0.0,0.2667,./ggtdt_example/rfdiffusion_out/filter_results/ggtdt_af3_A_1.pdb,1.3456,1.6922,HHHGRPKPKKPPPKP,MHHHHHHHHHGRPKPKKPPPKPSSFTASKVSQYSCQRKTTLNNCNKKFTDAFEIMAENYEFKENEIFCLEFLRAASVLKSLPFPVTRMKDIQGLPCMGDRVRDVIEEIIEEGESSRAKDVLNDERYKSFKEFTSVFGVGVKTSEKWFRMGLRTVEEVKADKTLKLSKMQRAGFLYYEDLVSCVSKAEADAVSSIVKNTVCTFLPDALVTITGGFRRGKKIGHDIDFLITSPGQREDDELLHKGLLLYCDIIESTFVKEQIPSRHVDAMDHFQKCFAILKLYQPRVDNSSYNMSKKCDMAEVKDWKAIRVDLVITPFEQYAYALLGWTGSRQFGRDLRRYATHERKMMLDNHALYDKRKRVFLKAGSEEEIFAHLGLDYVEPWERNA,True
ggtdt_af3_A_1_mpnn_6,ggtdt_af3_A_1,8-22,CCTTPPPPPPPPPPP,CCCCHHHHHHHHHHH,0.7333,0.0,0.2667,./ggtdt_example/rfdiffusion_out/filter_results/ggtdt_af3_A_1.pdb,1.6661,1.7142,HGKGKPKQKVKPPKR,MHHHHHHHGKGKPKQKVKPPKRSSFTASKVSQYSCQRKTTLNNCNKKFTDAFEIMAENYEFKENEIFCLEFLRAASVLKSLPFPVTRMKDIQGLPCMGDRVRDVIEEIIEEGESSRAKDVLNDERYKSFKEFTSVFGVGVKTSEKWFRMGLRTVEEVKADKTLKLSKMQRAGFLYYEDLVSCVSKAEADAVSSIVKNTVCTFLPDALVTITGGFRRGKKIGHDIDFLITSPGQREDDELLHKGLLLYCDIIESTFVKEQIPSRHVDAMDHFQKCFAILKLYQPRVDNSSYNMSKKCDMAEVKDWKAIRVDLVITPFEQYAYALLGWTGSRQFGRDLRRYATHERKMMLDNHALYDKRKRVFLKAGSEEEIFAHLGLDYVEPWERNA,False
ggtdt_af3_A_1_mpnn_7,ggtdt_af3_A_1,8-22,CCTTPPPPPPPPPPP,CCCCHHHHHHHHHHH,0.7333,0.0,0.2667,./ggtdt_example/rfdiffusion_out/filter_results/ggtdt_af3_A_1.pdb,1.1678,1.6973,HHHGRRRRRRRRRRR,MHHHHHHHHHGRRRRRRRRRRRSSFTASKVSQYSCQRKTTLNNCNKKFTDAFEIMAENYEFKENEIFCLEFLRAASVLKSLPFPVTRMKDIQGLPCMGDRVRDVIEEIIEEGESSRAKDVLNDERYKSFKEFTSVFGVGVKTSEKWFRMGLRTVEEVKADKTLKLSKMQRAGFLYYEDLVSCVSKAEADAVSSIVKNTVCTFLPDALVTITGGFRRGKKIGHDIDFLITSPGQREDDELLHKGLLLYCDIIESTFVKEQIPSRHVDAMDHFQKCFAILKLYQPRVDNSSYNMSKKCDMAEVKDWKAIRVDLVITPFEQYAYALLGWTGSRQFGRDLRRYATHERKMMLDNHALYDKRKRVFLKAGSEEEIFAHLGLDYVEPWERNA,True
ggtdt_af3_A_1_mpnn_8,ggtdt_af3_A_1,8-22,CCTTPPPPPPPPPPP,CCCCHHHHHHHHHHH,0.7333,0.0,0.2667,./ggtdt_example/rfdiffusion_out/filter_results/ggtdt_af3_A_1.pdb,1.464,1.7104,HGSGTPPPRTPAPKP,MHHHHHHHGSGTPPPRTPAPKPSSFTASKVSQYSCQRKTTLNNCNKKFTDAFEIMAENYEFKENEIFCLEFLRAASVLKSLPFPVTRMKDIQGLPCMGDRVRDVIEEIIEEGESSRAKDVLNDERYKSFKEFTSVFGVGVKTSEKWFRMGLRTVEEVKADKTLKLSKMQRAGFLYYEDLVSCVSKAEADAVSSIVKNTVCTFLPDALVTITGGFRRGKKIGHDIDFLITSPGQREDDELLHKGLLLYCDIIESTFVKEQIPSRHVDAMDHFQKCFAILKLYQPRVDNSSYNMSKKCDMAEVKDWKAIRVDLVITPFEQYAYALLGWTGSRQFGRDLRRYATHERKMMLDNHALYDKRKRVFLKAGSEEEIFAHLGLDYVEPWERNA,False
ggtdt_af3_A_1_mpnn_9,ggtdt_af3_A_1,8-22,CCTTPPPPPPPPPPP,CCCCHHHHHHHHHHH,0.7333,0.0,0.2667,./ggtdt_example/rfdiffusion_out/filter_results/ggtdt_af3_A_1.pdb,1.2678,1.7019,HGHGRPKPRKPLPKP,MHHHHHHHGHGRPKPRKPLPKPSSFTASKVSQYSCQRKTTLNNCNKKFTDAFEIMAENYEFKENEIFCLEFLRAASVLKSLPFPVTRMKDIQGLPCMGDRVRDVIEEIIEEGESSRAKDVLNDERYKSFKEFTSVFGVGVKTSEKWFRMGLRTVEEVKADKTLKLSKMQRAGFLYYEDLVSCVSKAEADAVSSIVKNTVCTFLPDALVTITGGFRRGKKIGHDIDFLITSPGQREDDELLHKGLLLYCDIIESTFVKEQIPSRHVDAMDHFQKCFAILKLYQPRVDNSSYNMSKKCDMAEVKDWKAIRVDLVITPFEQYAYALLGWTGSRQFGRDLRRYATHERKMMLDNHALYDKRKRVFLKAGSEEEIFAHLGLDYVEPWERNA,True
ggtdt_af3_A_1_mpnn_10,ggtdt_af3_A_1,8-22,CCTTPPPPPPPPPPP,CCCCHHHHHHHHHHH,0.7333,0.0,0.2667,./ggtdt_example/rfdiffusion_out/filter_results/ggtdt_af3_A_1.pdb,1.5361,1.7148,HGSGQPKPRTPKPRP,MHHHHHHHGSGQPKPRTPKPRPSSFTASKVSQYSCQRKTTLNNCNKKFTDAFEIMAENYEFKENEIFCLEFLRAASVLKSLPFPVTRMKDIQGLPCMGDRVRDVIEEIIEEGESSRAKDVLNDERYKSFKEFTSVFGVGVKTSEKWFRMGLRTVEEVKADKTLKLSKMQRAGFLYYEDLVSCVSKAEADAVSSIVKNTVCTFLPDALVTITGGFRRGKKIGHDIDFLITSPGQREDDELLHKGLLLYCDIIESTFVKEQIPSRHVDAMDHFQKCFAILKLYQPRVDNSSYNMSKKCDMAEVKDWKAIRVDLVITPFEQYAYALLGWTGSRQFGRDLRRYATHERKMMLDNHALYDKRKRVFLKAGSEEEIFAHLGLDYVEPWERNA,False
ggtdt_af3_A_1_mpnn_11,ggtdt_af3_A_1,8-22,CCTTPPPPPPPPPPP,CCCCHHHHHHHHHHH,0.7333,0.0,0.2667,./ggtdt_example/rfdiffusion_out/filter_results/ggtdt_af3_A_1.pdb,1.4296,1.7094,HGHGKPLPKPPPPKP,MHHHHHHHGHGKPLPKPPPPKPSSFTASKVSQYSCQRKTTLNNCNKKFTDAFEIMAENYEFKENEIFCLEFLRAASVLKSLPFPVTRMKDIQGLPCMGDRVRDVIEEIIEEGESSRAKDVLNDERYKSFKEFTSVFGVGVKTSEKWFRMGLRTVEEVKADKTLKLSKMQRAGFLYYEDLVSCVSKAEADAVSSIVKNTVCTFLPDALVTITGGFRRGKKIGHDIDFLITSPGQREDDELLHKGLLLYCDIIESTFVKEQIPSRHVDAMDHFQKCFAILKLYQPRVDNSSYNMSKKCDMAEVKDWKAIRVDLVITPFEQYAYALLGWTGSRQFGRDLRRYATHERKMMLDNHALYDKRKRVFLKAGSEEEIFAHLGLDYVEPWERNA,False
ggtdt_af3_A_1_mpnn_12,ggtdt_af3_A_1,8-22,CCTTPPPPPPPPPPP,CCCCHHHHHHHHHHH,0.7333,0.0,0.2667,./ggtdt_example/rfdiffusion_out/filter_results/ggtdt_af3_A_1.pdb,1.2801,1.6939,HHHGAPKKKKPKPKP,MHHHHHHHHHGAPKKKKPKPKPSSFTASKVSQYSCQRKTTLNNCNKKFTDAFEIMAENYEFKENEIFCLEFLRAASVLKSLPFPVTRMKDIQGLPCMGDRVRDVIEEIIEEGESSRAKDVLNDERYKSFKEFTSVFGVGVKTSEKWFRMGLRTVEEVKADKTLKLSKMQRAGFLYYEDLVSCVSKAEADAVSSIVKNTVCTFLPDALVTITGGFRRGKKIGHDIDFLITSPGQREDDELLHKGLLLYCDIIESTFVKEQIPSRHVDAMDHFQKCFAILKLYQPRVDNSSYNMSKKCDMAEVKDWKAIRVDLVITPFEQYAYALLGWTGSRQFGRDLRRYATHERKMMLDNHALYDKRKRVFLKAGSEEEIFAHLGLDYVEPWERNA,True
ggtdt_af3_A_1_mpnn_13,ggtdt_af3_A_1,8-22,CCTTPPPPPPPPPPP,CCCCHHHHHHHHHHH,0.7333,0.0,0.2667,./ggtdt_example/rfdiffusion_out/filter_results/ggtdt_af3_A_1.pdb,1.4168,1.7064,HGSGRPKPRKPPPKK,MHHHHHHHGSGRPKPRKPPPKKSSFTASKVSQYSCQRKTTLNNCNKKFTDAFEIMAENYEFKENEIFCLEFLRAASVLKSLPFPVTRMKDIQGLPCMGDRVRDVIEEIIEEGESSRAKDVLNDERYKSFKEFTSVFGVGVKTSEKWFRMGLRTVEEVKADKTLKLSKMQRAGFLYYEDLVSCVSKAEADAVSSIVKNTVCTFLPDALVTITGGFRRGKKIGHDIDFLITSPGQREDDELLHKGLLLYCDIIESTFVKEQIPSRHVDAMDHFQKCFAILKLYQPRVDNSSYNMSKKCDMAEVKDWKAIRVDLVITPFEQYAYALLGWTGSRQFGRDLRRYATHERKMMLDNHALYDKRKRVFLKAGSEEEIFAHLGLDYVEPWERNA,False
ggtdt_af3_A_1_mpnn_14,ggtdt_af3_A_1,8-22,CCTTPPPPPPPPPPP,CCCCHHHHHHHHHHH,0.7333,0.0,0.2667,./ggtdt_example/rfdiffusion_out/filter_results/ggtdt_af3_A_1.pdb,1.4009,1.7141,HGKGKPKKKKPPKKK,MHHHHHHHGKGKPKKKKPPKKKSSFTASKVSQYSCQRKTTLNNCNKKFTDAFEIMAENYEFKENEIFCLEFLRAASVLKSLPFPVTRMKDIQGLPCMGDRVRDVIEEIIEEGESSRAKDVLNDERYKSFKEFTSVFGVGVKTSEKWFRMGLRTVEEVKADKTLKLSKMQRAGFLYYEDLVSCVSKAEADAVSSIVKNTVCTFLPDALVTITGGFRRGKKIGHDIDFLITSPGQREDDELLHKGLLLYCDIIESTFVKEQIPSRHVDAMDHFQKCFAILKLYQPRVDNSSYNMSKKCDMAEVKDWKAIRVDLVITPFEQYAYALLGWTGSRQFGRDLRRYATHERKMMLDNHALYDKRKRVFLKAGSEEEIFAHLGLDYVEPWERNA,False
ggtdt_af3_A_1_mpnn_15,ggtdt_af3_A_1,8-22,CCTTPPPPPPPPPPP,CCCCHHHHHHHHHHH,0.7333,0.0,0.2667,./ggtdt_example/rfdiffusion_out/filter_results/ggtdt_af3_A_1.pdb,1.2997,1.7056,HGHGRPKKKTPKPKK,MHHHHHHHGHGRPKKKTPKPKKSSFTASKVSQYSCQRKTTLNNCNKKFTDAFEIMAENYEFKENEIFCLEFLRAASVLKSLPFPVTRMKDIQGLPCMGDRVRDVIEEIIEEGESSRAKDVLNDERYKSFKEFTSVFGVGVKTSEKWFRMGLRTVEEVKADKTLKLSKMQRAGFLYYEDLVSCVSKAEADAVSSIVKNTVCTFLPDALVTITGGFRRGKKIGHDIDFLITSPGQREDDELLHKGLLLYCDIIESTFVKEQIPSRHVDAMDHFQKCFAILKLYQPRVDNSSYNMSKKCDMAEVKDWKAIRVDLVITPFEQYAYALLGWTGSRQFGRDLRRYATHERKMMLDNHALYDKRKRVFLKAGSEEEIFAHLGLDYVEPWERNA,True
ggtdt_af3_A_1_mpnn_16,ggtdt_af3_A_1,8-22,CCTTPPPPPPPPPPP,CCCCHHHHHHHHHHH,0.7333,0.0,0.2667,./ggtdt_example/rfdiffusion_out/filter_results/ggtdt_af3_A_1.pdb,1.4641,1.6953,HHHGKPPPRPPPPPP,MHHHHHHHHHGKPPPRPPPPPPSSFTASKVSQYSCQRKTTLNNCNKKFTDAFEIMAENYEFKENEIFCLEFLRAASVLKSLPFPVTRMKDIQGLPCMGDRVRDVIEEIIEEGESSRAKDVLNDERYKSFKEFTSVFGVGVKTSEKWFRMGLRTVEEVKADKTLKLSKMQRAGFLYYEDLVSCVSKAEADAVSSIVKNTVCTFLPDALVTITGGFRRGKKIGHDIDFLITSPGQREDDELLHKGLLLYCDIIESTFVKEQIPSRHVDAMDHFQKCFAILKLYQPRVDNSSYNMSKKCDMAEVKDWKAIRVDLVITPFEQYAYALLGWTGSRQFGRDLRRYATHERKMMLDNHALYDKRKRVFLKAGSEEEIFAHLGLDYVEPWERNA,True
ggtdt_af3_A_1_mpnn_17,ggtdt_af3_A_1,8-22,CCTTPPPPPPPPPPP,CCCCHHHHHHHHHHH,0.7333,0.0,0.2667,./ggtdt_example/rfdiffusion_out/filter_results/ggtdt_af3_A_1.pdb,1.2071,1.6781,HGHGKPKKKKKKKKK,MHHHHHHHGHGKPKKKKKKKKKSSFTASKVSQYSCQRKTTLNNCNKKFTDAFEIMAENYEFKENEIFCLEFLRAASVLKSLPFPVTRMKDIQGLPCMGDRVRDVIEEIIEEGESSRAKDVLNDERYKSFKEFTSVFGVGVKTSEKWFRMGLRTVEEVKADKTLKLSKMQRAGFLYYEDLVSCVSKAEADAVSSIVKNTVCTFLPDALVTITGGFRRGKKIGHDIDFLITSPGQREDDELLHKGLLLYCDIIESTFVKEQIPSRHVDAMDHFQKCFAILKLYQPRVDNSSYNMSKKCDMAEVKDWKAIRVDLVITPFEQYAYALLGWTGSRQFGRDLRRYATHERKMMLDNHALYDKRKRVFLKAGSEEEIFAHLGLDYVEPWERNA,True
ggtdt_af3_A_1_mpnn_18,ggtdt_af3_A_1,8-22,CCTTPPPPPPPPPPP,CCCCHHHHHHHHHHH,0.7333,0.0,0.2667,./ggtdt_example/rfdiffusion_out/filter_results/ggtdt_af3_A_1.pdb,1.6679,1.699,MGVGEPAPRLPAPLP,MHHHHHHMGVGEPAPRLPAPLPSSFTASKVSQYSCQRKTTLNNCNKKFTDAFEIMAENYEFKENEIFCLEFLRAASVLKSLPFPVTRMKDIQGLPCMGDRVRDVIEEIIEEGESSRAKDVLNDERYKSFKEFTSVFGVGVKTSEKWFRMGLRTVEEVKADKTLKLSKMQRAGFLYYEDLVSCVSKAEADAVSSIVKNTVCTFLPDALVTITGGFRRGKKIGHDIDFLITSPGQREDDELLHKGLLLYCDIIESTFVKEQIPSRHVDAMDHFQKCFAILKLYQPRVDNSSYNMSKKCDMAEVKDWKAIRVDLVITPFEQYAYALLGWTGSRQFGRDLRRYATHERKMMLDNHALYDKRKRVFLKAGSEEEIFAHLGLDYVEPWERNA,True
ggtdt_af3_A_1_mpnn_19,ggtdt_af3_A_1,8-22,CCTTPPPPPPPPPPP,CCCCHHHHHHHHHHH,0.7333,0.0,0.2667,./ggtdt_example/rfdiffusion_out/filter_results/ggtdt_af3_A_1.pdb,1.3076,1.6905,HGHGRPRRRRPRKRP,MHHHHHHHGHGRPRRRRPRKRPSSFTASKVSQYSCQRKTTLNNCNKKFTDAFEIMAENYEFKENEIFCLEFLRAASVLKSLPFPVTRMKDIQGLPCMGDRVRDVIEEIIEEGESSRAKDVLNDERYKSFKEFTSVFGVGVKTSEKWFRMGLRTVEEVKADKTLKLSKMQRAGFLYYEDLVSCVSKAEADAVSSIVKNTVCTFLPDALVTITGGFRRGKKIGHDIDFLITSPGQREDDELLHKGLLLYCDIIESTFVKEQIPSRHVDAMDHFQKCFAILKLYQPRVDNSSYNMSKKCDMAEVKDWKAIRVDLVITPFEQYAYALLGWTGSRQFGRDLRRYATHERKMMLDNHALYDKRKRVFLKAGSEEEIFAHLGLDYVEPWERNA,True
ggtdt_af3_A_4_mpnn_0,ggtdt_af3_A_4,8-22,CCCPPPPPPCPPPCP,CCCHHHHHHCHHHCH,0.6667,0.0,0.3333,./ggtdt_example/rfdiffusion_out/filter_results/ggtdt_af3_A_4.pdb,1.7498,1.73,HSGPPPRKPVPKVIT,MHHHHHHHSGPPPRKPVPKVITSSFTASKVSQYSCQRKTTLNNCNKKFTDAFEIMAENYEFKENEIFCLEFLRAASVLKSLPFPVTRMKDIQGLPCMGDRVRDVIEEIIEEGESSRAKDVLNDERYKSFKEFTSVFGVGVKTSEKWFRMGLRTVEEVKADKTLKLSKMQRAGFLYYEDLVSCVSKAEADAVSSIVKNTVCTFLPDALVTITGGFRRGKKIGHDIDFLITSPGQREDDELLHKGLLLYCDIIESTFVKEQIPSRHVDAMDHFQKCFAILKLYQPRVDNSSYNMSKKCDMAEVKDWKAIRVDLVITPFEQYAYALLGWTGSRQFGRDLRRYATHERKMMLDNHALYDKRKRVFLKAGSEEEIFAHLGLDYVEPWERNA,False
ggtdt_af3_A_4_mpnn_1,ggtdt_af3_A_4,8-22,CCCPPPPPPCPPPCP,CCCHHHHHHCHHHCH,0.6667,0.0,0.3333,./ggtdt_example/rfdiffusion_out/filter_results/ggtdt_af3_A_4.pdb,1.6097,1.7085,HHHHAPKPTVPKKVT,MHHHHHHHHHHAPKPTVPKKVTSSFTASKVSQYSCQRKTTLNNCNKKFTDAFEIMAENYEFKENEIFCLEFLRAASVLKSLPFPVTRMKDIQGLPCMGDRVRDVIEEIIEEGESSRAKDVLNDERYKSFKEFTSVFGVGVKTSEKWFRMGLRTVEEVKADKTLKLSKMQRAGFLYYEDLVSCVSKAEADAVSSIVKNTVCTFLPDALVTITGGFRRGKKIGHDIDFLITSPGQREDDELLHKGLLLYCDIIESTFVKEQIPSRHVDAMDHFQKCFAILKLYQPRVDNSSYNMSKKCDMAEVKDWKAIRVDLVITPFEQYAYALLGWTGSRQFGRDLRRYATHERKMMLDNHALYDKRKRVFLKAGSEEEIFAHLGLDYVEPWERNA,True
ggtdt_af3_A_4_mpnn_2,ggtdt_af3_A_4,8-22,CCCPPPPPPCPPPCP,CCCHHHHHHCHHHCH,0.6667,0.0,0.3333,./ggtdt_example/rfdiffusion_out/filter_results/ggtdt_af3_A_4.pdb,1.6772,1.704,HHRPPPKPFVPPVVV,MHHHHHHHHRPPPKPFVPPVVVSSFTASKVSQYSCQRKTTLNNCNKKFTDAFEIMAENYEFKENEIFCLEFLRAASVLKSLPFPVTRMKDIQGLPCMGDRVRDVIEEIIEEGESSRAKDVLNDERYKSFKEFTSVFGVGVKTSEKWFRMGLRTVEEVKADKTLKLSKMQRAGFLYYEDLVSCVSKAEADAVSSIVKNTVCTFLPDALVTITGGFRRGKKIGHDIDFLITSPGQREDDELLHKGLLLYCDIIESTFVKEQIPSRHVDAMDHFQKCFAILKLYQPRVDNSSYNMSKKCDMAEVKDWKAIRVDLVITPFEQYAYALLGWTGSRQFGRDLRRYATHERKMMLDNHALYDKRKRVFLKAGSEEEIFAHLGLDYVEPWERNA,True
ggtdt_af3_A_4_mpnn_3,ggtdt_af3_A_4,8-22,CCCPPPPPPCPPPCP,CCCHHHHHHCHHHCH,0.6667,0.0,0.3333,./ggtdt_example/rfdiffusion_out/filter_results/ggtdt_af3_A_4.pdb,1.7147,1.713,HHKPKPKKFVKPIKI,MHHHHHHHHKPKPKKFVKPIKISSFTASKVSQYSCQRKTTLNNCNKKFTDAFEIMAENYEFKENEIFCLEFLRAASVLKSLPFPVTRMKDIQGLPCMGDRVRDVIEEIIEEGESSRAKDVLNDERYKSFKEFTSVFGVGVKTSEKWFRMGLRTVEEVKADKTLKLSKMQRAGFLYYEDLVSCVSKAEADAVSSIVKNTVCTFLPDALVTITGGFRRGKKIGHDIDFLITSPGQREDDELLHKGLLLYCDIIESTFVKEQIPSRHVDAMDHFQKCFAILKLYQPRVDNSSYNMSKKCDMAEVKDWKAIRVDLVITPFEQYAYALLGWTGSRQFGRDLRRYATHERKMMLDNHALYDKRKRVFLKAGSEEEIFAHLGLDYVEPWERNA,False
ggtdt_af3_A_4_mpnn_4,ggtdt_af3_A_4,8-22,CCCPPPPPPCPPPCP,CCCHHHHHHCHHHCH,0.6667,0.0,0.3333,./ggtdt_example/rfdiffusion_out/filter_results/ggtdt_af3_A_4.pdb,1.4402,1.7082,HHHHHPKPIVPTVVR,MHHHHHHHHHHHPKPIVPTVVRSSFTASKVSQYSCQRKTTLNNCNKKFTDAFEIMAENYEFKENEIFCLEFLRAASVLKSLPFPVTRMKDIQGLPCMGDRVRDVIEEIIEEGESSRAKDVLNDERYKSFKEFTSVFGVGVKTSEKWFRMGLRTVEEVKADKTLKLSKMQRAGFLYYEDLVSCVSKAEADAVSSIVKNTVCTFLPDALVTITGGFRRGKKIGHDIDFLITSPGQREDDELLHKGLLLYCDIIESTFVKEQIPSRHVDAMDHFQKCFAILKLYQPRVDNSSYNMSKKCDMAEVKDWKAIRVDLVITPFEQYAYALLGWTGSRQFGRDLRRYATHERKMMLDNHALYDKRKRVFLKAGSEEEIFAHLGLDYVEPWERNA,True
ggtdt_af3_A_4_mpnn_5,ggtdt_af3_A_4,8-22,CCCPPPPPPCPPPCP,CCCHHHHHHCHHHCH,0.6667,0.0,0.3333,./ggtdt_example/rfdiffusion_out/filter_results/ggtdt_af3_A_4.pdb,1.4649,1.7008,HHHHKPKKKVPKKIT,MHHHHHHHHHHKPKKKVPKKITSSFTASKVSQYSCQRKTTLNNCNKKFTDAFEIMAENYEFKENEIFCLEFLRAASVLKSLPFPVTRMKDIQGLPCMGDRVRDVIEEIIEEGESSRAKDVLNDERYKSFKEFTSVFGVGVKTSEKWFRMGLRTVEEVKADKTLKLSKMQRAGFLYYEDLVSCVSKAEADAVSSIVKNTVCTFLPDALVTITGGFRRGKKIGHDIDFLITSPGQREDDELLHKGLLLYCDIIESTFVKEQIPSRHVDAMDHFQKCFAILKLYQPRVDNSSYNMSKKCDMAEVKDWKAIRVDLVITPFEQYAYALLGWTGSRQFGRDLRRYATHERKMMLDNHALYDKRKRVFLKAGSEEEIFAHLGLDYVEPWERNA,True
ggtdt_af3_A_4_mpnn_6,ggtdt_af3_A_4,8-22,CCCPPPPPPCPPPCP,CCCHHHHHHCHHHCH,0.6667,0.0,0.3333,./ggtdt_example/rfdiffusion_out/filter_results/ggtdt_af3_A_4.pdb,1.6292,1.722,HHKPKPRKKVPKVKV,MHHHHHHHHKPKPRKKVPKVKVSSFTASKVSQYSCQRKTTLNNCNKKFTDAFEIMAENYEFKENEIFCLEFLRAASVLKSLPFPVTRMKDIQGLPCMGDRVRDVIEEIIEEGESSRAKDVLNDERYKSFKEFTSVFGVGVKTSEKWFRMGLRTVEEVKADKTLKLSKMQRAGFLYYEDLVSCVSKAEADAVSSIVKNTVCTFLPDALVTITGGFRRGKKIGHDIDFLITSPGQREDDELLHKGLLLYCDIIESTFVKEQIPSRHVDAMDHFQKCFAILKLYQPRVDNSSYNMSKKCDMAEVKDWKAIRVDLVITPFEQYAYALLGWTGSRQFGRDLRRYATHERKMMLDNHALYDKRKRVFLKAGSEEEIFAHLGLDYVEPWERNA,False
ggtdt_af3_A_4_mpnn_7,ggtdt_af3_A_4,8-22,CCCPPPPPPCPPPCP,CCCHHHHHHCHHHCH,0.6667,0.0,0.3333,./ggtdt_example/rfdiffusion_out/filter_results/ggtdt_af3_A_4.pdb,1.4673,1.6976,HHHHKPKPVVPKVVV,MHHHHHHHHHHKPKPVVPKVVVSSFTASKVSQYSCQRKTTLNNCNKKFTDAFEIMAENYEFKENEIFCLEFLRAASVLKSLPFPVTRMKDIQGLPCMGDRVRDVIEEIIEEGESSRAKDVLNDERYKSFKEFTSVFGVGVKTSEKWFRMGLRTVEEVKADKTLKLSKMQRAGFLYYEDLVSCVSKAEADAVSSIVKNTVCTFLPDALVTITGGFRRGKKIGHDIDFLITSPGQREDDELLHKGLLLYCDIIESTFVKEQIPSRHVDAMDHFQKCFAILKLYQPRVDNSSYNMSKKCDMAEVKDWKAIRVDLVITPFEQYAYALLGWTGSRQFGRDLRRYATHERKMMLDNHALYDKRKRVFLKAGSEEEIFAHLGLDYVEPWERNA,True
ggtdt_af3_A_4_mpnn_8,ggtdt_af3_A_4,8-22,CCCPPPPPPCPPPCP,CCCHHHHHHCHHHCH,0.6667,0.0,0.3333,./ggtdt_example/rfdiffusion_out/filter_results/ggtdt_af3_A_4.pdb,1.4204,1.7081,HHHHKKKPKKKKKVK,MHHHHHHHHHHKKKPKKKKKVKSSFTASKVSQYSCQRKTTLNNCNKKFTDAFEIMAENYEFKENEIFCLEFLRAASVLKSLPFPVTRMKDIQGLPCMGDRVRDVIEEIIEEGESSRAKDVLNDERYKSFKEFTSVFGVGVKTSEKWFRMGLRTVEEVKADKTLKLSKMQRAGFLYYEDLVSCVSKAEADAVSSIVKNTVCTFLPDALVTITGGFRRGKKIGHDIDFLITSPGQREDDELLHKGLLLYCDIIESTFVKEQIPSRHVDAMDHFQKCFAILKLYQPRVDNSSYNMSKKCDMAEVKDWKAIRVDLVITPFEQYAYALLGWTGSRQFGRDLRRYATHERKMMLDNHALYDKRKRVFLKAGSEEEIFAHLGLDYVEPWERNA,True
ggtdt_af3_A_4_mpnn_9,ggtdt_af3_A_4,8-22,CCCPPPPPPCPPPCP,CCCHHHHHHCHHHCH,0.6667,0.0,0.3333,./ggtdt_example/rfdiffusion_out/filter_results/ggtdt_af3_A_4.pdb,1.7624,1.7128,HKTKPPKPKVPKVKI,MHHHHHHHKTKPPKPKVPKVKISSFTASKVSQYSCQRKTTLNNCNKKFTDAFEIMAENYEFKENEIFCLEFLRAASVLKSLPFPVTRMKDIQGLPCMGDRVRDVIEEIIEEGESSRAKDVLNDERYKSFKEFTSVFGVGVKTSEKWFRMGLRTVEEVKADKTLKLSKMQRAGFLYYEDLVSCVSKAEADAVSSIVKNTVCTFLPDALVTITGGFRRGKKIGHDIDFLITSPGQREDDELLHKGLLLYCDIIESTFVKEQIPSRHVDAMDHFQKCFAILKLYQPRVDNSSYNMSKKCDMAEVKDWKAIRVDLVITPFEQYAYALLGWTGSRQFGRDLRRYATHERKMMLDNHALYDKRKRVFLKAGSEEEIFAHLGLDYVEPWERNA,False
ggtdt_af3_A_4_mpnn_10,ggtdt_af3_A_4,8-22,CCCPPPPPPCPPPCP,CCCHHHHHHCHHHCH,0.6667,0.0,0.3333,./ggtdt_example/rfdiffusion_out/filter_results/ggtdt_af3_A_4.pdb,1.5031,1.7139,HHHPAPKPPVPKVVL,MHHHHHHHHHPAPKPPVPKVVLSSFTASKVSQYSCQRKTTLNNCNKKFTDAFEIMAENYEFKENEIFCLEFLRAASVLKSLPFPVTRMKDIQGLPCMGDRVRDVIEEIIEEGESSRAKDVLNDERYKSFKEFTSVFGVGVKTSEKWFRMGLRTVEEVKADKTLKLSKMQRAGFLYYEDLVSCVSKAEADAVSSIVKNTVCTFLPDALVTITGGFRRGKKIGHDIDFLITSPGQREDDELLHKGLLLYCDIIESTFVKEQIPSRHVDAMDHFQKCFAILKLYQPRVDNSSYNMSKKCDMAEVKDWKAIRVDLVITPFEQYAYALLGWTGSRQFGRDLRRYATHERKMMLDNHALYDKRKRVFLKAGSEEEIFAHLGLDYVEPWERNA,False
ggtdt_af3_A_4_mpnn_11,ggtdt_af3_A_4,8-22,CCCPPPPPPCPPPCP,CCCHHHHHHCHHHCH,0.6667,0.0,0.3333,./ggtdt_example/rfdiffusion_out/filter_results/ggtdt_af3_A_4.pdb,1.7188,1.7129,HVHPKPPPIVPTVKV,MHHHHHHHVHPKPPPIVPTVKVSSFTASKVSQYSCQRKTTLNNCNKKFTDAFEIMAENYEFKENEIFCLEFLRAASVLKSLPFPVTRMKDIQGLPCMGDRVRDVIEEIIEEGESSRAKDVLNDERYKSFKEFTSVFGVGVKTSEKWFRMGLRTVEEVKADKTLKLSKMQRAGFLYYEDLVSCVSKAEADAVSSIVKNTVCTFLPDALVTITGGFRRGKKIGHDIDFLITSPGQREDDELLHKGLLLYCDIIESTFVKEQIPSRHVDAMDHFQKCFAILKLYQPRVDNSSYNMSKKCDMAEVKDWKAIRVDLVITPFEQYAYALLGWTGSRQFGRDLRRYATHERKMMLDNHALYDKRKRVFLKAGSEEEIFAHLGLDYVEPWERNA,False
ggtdt_af3_A_4_mpnn_12,ggtdt_af3_A_4,8-22,CCCPPPPPPCPPPCP,CCCHHHHHHCHHHCH,0.6667,0.0,0.3333,./ggtdt_example/rfdiffusion_out/filter_results/ggtdt_af3_A_4.pdb,1.6593,1.7172,HSGPPPKPVVPKVRI,MHHHHHHHSGPPPKPVVPKVRISSFTASKVSQYSCQRKTTLNNCNKKFTDAFEIMAENYEFKENEIFCLEFLRAASVLKSLPFPVTRMKDIQGLPCMGDRVRDVIEEIIEEGESSRAKDVLNDERYKSFKEFTSVFGVGVKTSEKWFRMGLRTVEEVKADKTLKLSKMQRAGFLYYEDLVSCVSKAEADAVSSIVKNTVCTFLPDALVTITGGFRRGKKIGHDIDFLITSPGQREDDELLHKGLLLYCDIIESTFVKEQIPSRHVDAMDHFQKCFAILKLYQPRVDNSSYNMSKKCDMAEVKDWKAIRVDLVITPFEQYAYALLGWTGSRQFGRDLRRYATHERKMMLDNHALYDKRKRVFLKAGSEEEIFAHLGLDYVEPWERNA,False
ggtdt_af3_A_4_mpnn_13,ggtdt_af3_A_4,8-22,CCCPPPPPPCPPPCP,CCCHHHHHHCHHHCH,0.6667,0.0,0.3333,./ggtdt_example/rfdiffusion_out/filter_results/ggtdt_af3_A_4.pdb,1.4425,1.7045,HHHHKKKKKIPKVKK,MHHHHHHHHHHKKKKKIPKVKKSSFTASKVSQYSCQRKTTLNNCNKKFTDAFEIMAENYEFKENEIFCLEFLRAASVLKSLPFPVTRMKDIQGLPCMGDRVRDVIEEIIEEGESSRAKDVLNDERYKSFKEFTSVFGVGVKTSEKWFRMGLRTVEEVKADKTLKLSKMQRAGFLYYEDLVSCVSKAEADAVSSIVKNTVCTFLPDALVTITGGFRRGKKIGHDIDFLITSPGQREDDELLHKGLLLYCDIIESTFVKEQIPSRHVDAMDHFQKCFAILKLYQPRVDNSSYNMSKKCDMAEVKDWKAIRVDLVITPFEQYAYALLGWTGSRQFGRDLRRYATHERKMMLDNHALYDKRKRVFLKAGSEEEIFAHLGLDYVEPWERNA,True
ggtdt_af3_A_4_mpnn_14,ggtdt_af3_A_4,8-22,CCCPPPPPPCPPPCP,CCCHHHHHHCHHHCH,0.6667,0.0,0.3333,./ggtdt_example/rfdiffusion_out/filter_results/ggtdt_af3_A_4.pdb,1.4895,1.7104,HHHPKPKPKVPKIVI,MHHHHHHHHHPKPKPKVPKIVISSFTASKVSQYSCQRKTTLNNCNKKFTDAFEIMAENYEFKENEIFCLEFLRAASVLKSLPFPVTRMKDIQGLPCMGDRVRDVIEEIIEEGESSRAKDVLNDERYKSFKEFTSVFGVGVKTSEKWFRMGLRTVEEVKADKTLKLSKMQRAGFLYYEDLVSCVSKAEADAVSSIVKNTVCTFLPDALVTITGGFRRGKKIGHDIDFLITSPGQREDDELLHKGLLLYCDIIESTFVKEQIPSRHVDAMDHFQKCFAILKLYQPRVDNSSYNMSKKCDMAEVKDWKAIRVDLVITPFEQYAYALLGWTGSRQFGRDLRRYATHERKMMLDNHALYDKRKRVFLKAGSEEEIFAHLGLDYVEPWERNA,False
ggtdt_af3_A_4_mpnn_15,ggtdt_af3_A_4,8-22,CCCPPPPPPCPPPCP,CCCHHHHHHCHHHCH,0.6667,0.0,0.3333,./ggtdt_example/rfdiffusion_out/filter_results/ggtdt_af3_A_4.pdb,1.5612,1.7021,HHHPKKKPYVPKVKV,MHHHHHHHHHPKKKPYVPKVKVSSFTASKVSQYSCQRKTTLNNCNKKFTDAFEIMAENYEFKENEIFCLEFLRAASVLKSLPFPVTRMKDIQGLPCMGDRVRDVIEEIIEEGESSRAKDVLNDERYKSFKEFTSVFGVGVKTSEKWFRMGLRTVEEVKADKTLKLSKMQRAGFLYYEDLVSCVSKAEADAVSSIVKNTVCTFLPDALVTITGGFRRGKKIGHDIDFLITSPGQREDDELLHKGLLLYCDIIESTFVKEQIPSRHVDAMDHFQKCFAILKLYQPRVDNSSYNMSKKCDMAEVKDWKAIRVDLVITPFEQYAYALLGWTGSRQFGRDLRRYATHERKMMLDNHALYDKRKRVFLKAGSEEEIFAHLGLDYVEPWERNA,True
ggtdt_af3_A_4_mpnn_16,ggtdt_af3_A_4,8-22,CCCPPPPPPCPPPCP,CCCHHHHHHCHHHCH,0.6667,0.0,0.3333,./ggtdt_example/rfdiffusion_out/filter_results/ggtdt_af3_A_4.pdb,1.5778,1.6821,HHHPRPRPVIPTVKL,MHHHHHHHHHPRPRPVIPTVKLSSFTASKVSQYSCQRKTTLNNCNKKFTDAFEIMAENYEFKENEIFCLEFLRAASVLKSLPFPVTRMKDIQGLPCMGDRVRDVIEEIIEEGESSRAKDVLNDERYKSFKEFTSVFGVGVKTSEKWFRMGLRTVEEVKADKTLKLSKMQRAGFLYYEDLVSCVSKAEADAVSSIVKNTVCTFLPDALVTITGGFRRGKKIGHDIDFLITSPGQREDDELLHKGLLLYCDIIESTFVKEQIPSRHVDAMDHFQKCFAILKLYQPRVDNSSYNMSKKCDMAEVKDWKAIRVDLVITPFEQYAYALLGWTGSRQFGRDLRRYATHERKMMLDNHALYDKRKRVFLKAGSEEEIFAHLGLDYVEPWERNA,True
ggtdt_af3_A_4_mpnn_17,ggtdt_af3_A_4,8-22,CCCPPPPPPCPPPCP,CCCHHHHHHCHHHCH,0.6667,0.0,0.3333,./ggtdt_example/rfdiffusion_out/filter_results/ggtdt_af3_A_4.pdb,1.5507,1.7152,HHHHAPRPLVPPVVV,MHHHHHHHHHHAPRPLVPPVVVSSFTASKVSQYSCQRKTTLNNCNKKFTDAFEIMAENYEFKENEIFCLEFLRAASVLKSLPFPVTRMKDIQGLPCMGDRVRDVIEEIIEEGESSRAKDVLNDERYKSFKEFTSVFGVGVKTSEKWFRMGLRTVEEVKADKTLKLSKMQRAGFLYYEDLVSCVSKAEADAVSSIVKNTVCTFLPDALVTITGGFRRGKKIGHDIDFLITSPGQREDDELLHKGLLLYCDIIESTFVKEQIPSRHVDAMDHFQKCFAILKLYQPRVDNSSYNMSKKCDMAEVKDWKAIRVDLVITPFEQYAYALLGWTGSRQFGRDLRRYATHERKMMLDNHALYDKRKRVFLKAGSEEEIFAHLGLDYVEPWERNA,False
ggtdt_af3_A_4_mpnn_18,ggtdt_af3_A_4,8-22,CCCPPPPPPCPPPCP,CCCHHHHHHCHHHCH,0.6667,0.0,0.3333,./ggtdt_example/rfdiffusion_out/filter_results/ggtdt_af3_A_4.pdb,1.4336,1.6952,HHHHKPKKKVKKKVK,MHHHHHHHHHHKPKKKVKKKVKSSFTASKVSQYSCQRKTTLNNCNKKFTDAFEIMAENYEFKENEIFCLEFLRAASVLKSLPFPVTRMKDIQGLPCMGDRVRDVIEEIIEEGESSRAKDVLNDERYKSFKEFTSVFGVGVKTSEKWFRMGLRTVEEVKADKTLKLSKMQRAGFLYYEDLVSCVSKAEADAVSSIVKNTVCTFLPDALVTITGGFRRGKKIGHDIDFLITSPGQREDDELLHKGLLLYCDIIESTFVKEQIPSRHVDAMDHFQKCFAILKLYQPRVDNSSYNMSKKCDMAEVKDWKAIRVDLVITPFEQYAYALLGWTGSRQFGRDLRRYATHERKMMLDNHALYDKRKRVFLKAGSEEEIFAHLGLDYVEPWERNA,True
ggtdt_af3_A_4_mpnn_19,ggtdt_af3_A_4,8-22,CCCPPPPPPCPPPCP,CCCHHHHHHCHHHCH,0.6667,0.0,0.3333,./ggtdt_example/rfdiffusion_out/filter_results/ggtdt_af3_A_4.pdb,1.5733,1.7156,HHHHAPKPFVPVVIK,MHHHHHHHHHHAPKPFVPVVIKSSFTASKVSQYSCQRKTTLNNCNKKFTDAFEIMAENYEFKENEIFCLEFLRAASVLKSLPFPVTRMKDIQGLPCMGDRVRDVIEEIIEEGESSRAKDVLNDERYKSFKEFTSVFGVGVKTSEKWFRMGLRTVEEVKADKTLKLSKMQRAGFLYYEDLVSCVSKAEADAVSSIVKNTVCTFLPDALVTITGGFRRGKKIGHDIDFLITSPGQREDDELLHKGLLLYCDIIESTFVKEQIPSRHVDAMDHFQKCFAILKLYQPRVDNSSYNMSKKCDMAEVKDWKAIRVDLVITPFEQYAYALLGWTGSRQFGRDLRRYATHERKMMLDNHALYDKRKRVFLKAGSEEEIFAHLGLDYVEPWERNA,False
ggtdt_af3_A_5_mpnn_0,ggtdt_af3_A_5,8-22,CSSCCPPPPCPPPPC,CCCCCHHHHCHHHHC,0.5333,0.0,0.4667,./ggtdt_example/rfdiffusion_out/filter_results/ggtdt_af3_A_5.pdb,1.4343,1.6988,HHGGSPPTIVPPPVV,MHHHHHHHHGGSPPTIVPPPVVSSFTASKVSQYSCQRKTTLNNCNKKFTDAFEIMAENYEFKENEIFCLEFLRAASVLKSLPFPVTRMKDIQGLPCMGDRVRDVIEEIIEEGESSRAKDVLNDERYKSFKEFTSVFGVGVKTSEKWFRMGLRTVEEVKADKTLKLSKMQRAGFLYYEDLVSCVSKAEADAVSSIVKNTVCTFLPDALVTITGGFRRGKKIGHDIDFLITSPGQREDDELLHKGLLLYCDIIESTFVKEQIPSRHVDAMDHFQKCFAILKLYQPRVDNSSYNMSKKCDMAEVKDWKAIRVDLVITPFEQYAYALLGWTGSRQFGRDLRRYATHERKMMLDNHALYDKRKRVFLKAGSEEEIFAHLGLDYVEPWERNA,True
ggtdt_af3_A_5_mpnn_1,ggtdt_af3_A_5,8-22,CSSCCPPPPCPPPPC,CCCCCHHHHCHHHHC,0.5333,0.0,0.4667,./ggtdt_example/rfdiffusion_out/filter_results/ggtdt_af3_A_5.pdb,1.4873,1.7281,HGGGSPPTVTPPPKV,MHHHHHHHGGGSPPTVTPPPKVSSFTASKVSQYSCQRKTTLNNCNKKFTDAFEIMAENYEFKENEIFCLEFLRAASVLKSLPFPVTRMKDIQGLPCMGDRVRDVIEEIIEEGESSRAKDVLNDERYKSFKEFTSVFGVGVKTSEKWFRMGLRTVEEVKADKTLKLSKMQRAGFLYYEDLVSCVSKAEADAVSSIVKNTVCTFLPDALVTITGGFRRGKKIGHDIDFLITSPGQREDDELLHKGLLLYCDIIESTFVKEQIPSRHVDAMDHFQKCFAILKLYQPRVDNSSYNMSKKCDMAEVKDWKAIRVDLVITPFEQYAYALLGWTGSRQFGRDLRRYATHERKMMLDNHALYDKRKRVFLKAGSEEEIFAHLGLDYVEPWERNA,False
ggtdt_af3_A_5_mpnn_2,ggtdt_af3_A_5,8-22,CSSCCPPPPCPPPPC,CCCCCHHHHCHHHHC,0.5333,0.0,0.4667,./ggtdt_example/rfdiffusion_out/filter_results/ggtdt_af3_A_5.pdb,1.3549,1.7192,HHGGRPRRVVPPPVV,MHHHHHHHHGGRPRRVVPPPVVSSFTASKVSQYSCQRKTTLNNCNKKFTDAFEIMAENYEFKENEIFCLEFLRAASVLKSLPFPVTRMKDIQGLPCMGDRVRDVIEEIIEEGESSRAKDVLNDERYKSFKEFTSVFGVGVKTSEKWFRMGLRTVEEVKADKTLKLSKMQRAGFLYYEDLVSCVSKAEADAVSSIVKNTVCTFLPDALVTITGGFRRGKKIGHDIDFLITSPGQREDDELLHKGLLLYCDIIESTFVKEQIPSRHVDAMDHFQKCFAILKLYQPRVDNSSYNMSKKCDMAEVKDWKAIRVDLVITPFEQYAYALLGWTGSRQFGRDLRRYATHERKMMLDNHALYDKRKRVFLKAGSEEEIFAHLGLDYVEPWERNA,False
ggtdt_af3_A_5_mpnn_3,ggtdt_af3_A_5,8-22,CSSCCPPPPCPPPPC,CCCCCHHHHCHHHHC,0.5333,0.0,0.4667,./ggtdt_example/rfdiffusion_out/filter_results/ggtdt_af3_A_5.pdb,1.4622,1.7076,HHGGKPAAVEPPPVV,MHHHHHHHHGGKPAAVEPPPVVSSFTASKVSQYSCQRKTTLNNCNKKFTDAFEIMAENYEFKENEIFCLEFLRAASVLKSLPFPVTRMKDIQGLPCMGDRVRDVIEEIIEEGESSRAKDVLNDERYKSFKEFTSVFGVGVKTSEKWFRMGLRTVEEVKADKTLKLSKMQRAGFLYYEDLVSCVSKAEADAVSSIVKNTVCTFLPDALVTITGGFRRGKKIGHDIDFLITSPGQREDDELLHKGLLLYCDIIESTFVKEQIPSRHVDAMDHFQKCFAILKLYQPRVDNSSYNMSKKCDMAEVKDWKAIRVDLVITPFEQYAYALLGWTGSRQFGRDLRRYATHERKMMLDNHALYDKRKRVFLKAGSEEEIFAHLGLDYVEPWERNA,True
ggtdt_af3_A_5_mpnn_4,ggtdt_af3_A_5,8-22,CSSCCPPPPCPPPPC,CCCCCHHHHCHHHHC,0.5333,0.0,0.4667,./ggtdt_example/rfdiffusion_out/filter_results/ggtdt_af3_A_5.pdb,1.5472,1.7205,HHGGRKKKVQPPKVV,MHHHHHHHHGGRKKKVQPPKVVSSFTASKVSQYSCQRKTTLNNCNKKFTDAFEIMAENYEFKENEIFCLEFLRAASVLKSLPFPVTRMKDIQGLPCMGDRVRDVIEEIIEEGESSRAKDVLNDERYKSFKEFTSVFGVGVKTSEKWFRMGLRTVEEVKADKTLKLSKMQRAGFLYYEDLVSCVSKAEADAVSSIVKNTVCTFLPDALVTITGGFRRGKKIGHDIDFLITSPGQREDDELLHKGLLLYCDIIESTFVKEQIPSRHVDAMDHFQKCFAILKLYQPRVDNSSYNMSKKCDMAEVKDWKAIRVDLVITPFEQYAYALLGWTGSRQFGRDLRRYATHERKMMLDNHALYDKRKRVFLKAGSEEEIFAHLGLDYVEPWERNA,False
ggtdt_af3_A_5_mpnn_5,ggtdt_af3_A_5,8-22,CSSCCPPPPCPPPPC,CCCCCHHHHCHHHHC,0.5333,0.0,0.4667,./ggtdt_example/rfdiffusion_out/filter_results/ggtdt_af3_A_5.pdb,1.3969,1.7162,HGGGRPPVVVPPPVV,MHHHHHHHGGGRPPVVVPPPVVSSFTASKVSQYSCQRKTTLNNCNKKFTDAFEIMAENYEFKENEIFCLEFLRAASVLKSLPFPVTRMKDIQGLPCMGDRVRDVIEEIIEEGESSRAKDVLNDERYKSFKEFTSVFGVGVKTSEKWFRMGLRTVEEVKADKTLKLSKMQRAGFLYYEDLVSCVSKAEADAVSSIVKNTVCTFLPDALVTITGGFRRGKKIGHDIDFLITSPGQREDDELLHKGLLLYCDIIESTFVKEQIPSRHVDAMDHFQKCFAILKLYQPRVDNSSYNMSKKCDMAEVKDWKAIRVDLVITPFEQYAYALLGWTGSRQFGRDLRRYATHERKMMLDNHALYDKRKRVFLKAGSEEEIFAHLGLDYVEPWERNA,False
ggtdt_af3_A_5_mpnn_6,ggtdt_af3_A_5,8-22,CSSCCPPPPCPPPPC,CCCCCHHHHCHHHHC,0.5333,0.0,0.4667,./ggtdt_example/rfdiffusion_out/filter_results/ggtdt_af3_A_5.pdb,1.3577,1.7072,HHGGSPPVVIPPPFV,MHHHHHHHHGGSPPVVIPPPFVSSFTASKVSQYSCQRKTTLNNCNKKFTDAFEIMAENYEFKENEIFCLEFLRAASVLKSLPFPVTRMKDIQGLPCMGDRVRDVIEEIIEEGESSRAKDVLNDERYKSFKEFTSVFGVGVKTSEKWFRMGLRTVEEVKADKTLKLSKMQRAGFLYYEDLVSCVSKAEADAVSSIVKNTVCTFLPDALVTITGGFRRGKKIGHDIDFLITSPGQREDDELLHKGLLLYCDIIESTFVKEQIPSRHVDAMDHFQKCFAILKLYQPRVDNSSYNMSKKCDMAEVKDWKAIRVDLVITPFEQYAYALLGWTGSRQFGRDLRRYATHERKMMLDNHALYDKRKRVFLKAGSEEEIFAHLGLDYVEPWERNA,True
ggtdt_af3_A_5_mpnn_7,ggtdt_af3_A_5,8-22,CSSCCPPPPCPPPPC,CCCCCHHHHCHHHHC,0.5333,0.0,0.4667,./ggtdt_example/rfdiffusion_out/filter_results/ggtdt_af3_A_5.pdb,1.4373,1.7059,HHGGRPPVVVPPPYV,MHHHHHHHHGGRPPVVVPPPYVSSFTASKVSQYSCQRKTTLNNCNKKFTDAFEIMAENYEFKENEIFCLEFLRAASVLKSLPFPVTRMKDIQGLPCMGDRVRDVIEEIIEEGESSRAKDVLNDERYKSFKEFTSVFGVGVKTSEKWFRMGLRTVEEVKADKTLKLSKMQRAGFLYYEDLVSCVSKAEADAVSSIVKNTVCTFLPDALVTITGGFRRGKKIGHDIDFLITSPGQREDDELLHKGLLLYCDIIESTFVKEQIPSRHVDAMDHFQKCFAILKLYQPRVDNSSYNMSKKCDMAEVKDWKAIRVDLVITPFEQYAYALLGWTGSRQFGRDLRRYATHERKMMLDNHALYDKRKRVFLKAGSEEEIFAHLGLDYVEPWERNA,True
ggtdt_af3_A_5_mpnn_8,ggtdt_af3_A_5,8-22,CSSCCPPPPCPPPPC,CCCCCHHHHCHHHHC,0.5333,0.0,0.4667,./ggtdt_example/rfdiffusion_out/filter_results/ggtdt_af3_A_5.pdb,1.5512,1.7166,HHGGSPPVIPPPKHV,MHHHHHHHHGGSPPVIPPPKHVSSFTASKVSQYSCQRKTTLNNCNKKFTDAFEIMAENYEFKENEIFCLEFLRAASVLKSLPFPVTRMKDIQGLPCMGDRVRDVIEEIIEEGESSRAKDVLNDERYKSFKEFTSVFGVGVKTSEKWFRMGLRTVEEVKADKTLKLSKMQRAGFLYYEDLVSCVSKAEADAVSSIVKNTVCTFLPDALVTITGGFRRGKKIGHDIDFLITSPGQREDDELLHKGLLLYCDIIESTFVKEQIPSRHVDAMDHFQKCFAILKLYQPRVDNSSYNMSKKCDMAEVKDWKAIRVDLVITPFEQYAYALLGWTGSRQFGRDLRRYATHERKMMLDNHALYDKRKRVFLKAGSEEEIFAHLGLDYVEPWERNA,False
ggtdt_af3_A_5_mpnn_9,ggtdt_af3_A_5,8-22,CSSCCPPPPCPPPPC,CCCCCHHHHCHHHHC,0.5333,0.0,0.4667,./ggtdt_example/rfdiffusion_out/filter_results/ggtdt_af3_A_5.pdb,1.4411,1.7172,HHGGSPRTVIPPPLV,MHHHHHHHHGGSPRTVIPPPLVSSFTASKVSQYSCQRKTTLNNCNKKFTDAFEIMAENYEFKENEIFCLEFLRAASVLKSLPFPVTRMKDIQGLPCMGDRVRDVIEEIIEEGESSRAKDVLNDERYKSFKEFTSVFGVGVKTSEKWFRMGLRTVEEVKADKTLKLSKMQRAGFLYYEDLVSCVSKAEADAVSSIVKNTVCTFLPDALVTITGGFRRGKKIGHDIDFLITSPGQREDDELLHKGLLLYCDIIESTFVKEQIPSRHVDAMDHFQKCFAILKLYQPRVDNSSYNMSKKCDMAEVKDWKAIRVDLVITPFEQYAYALLGWTGSRQFGRDLRRYATHERKMMLDNHALYDKRKRVFLKAGSEEEIFAHLGLDYVEPWERNA,False
ggtdt_af3_A_5_mpnn_10,ggtdt_af3_A_5,8-22,CSSCCPPPPCPPPPC,CCCCCHHHHCHHHHC,0.5333,0.0,0.4667,./ggtdt_example/rfdiffusion_out/filter_results/ggtdt_af3_A_5.pdb,1.4821,1.7066,HHGGKPPTVVPPPSV,MHHHHHHHHGGKPPTVVPPPSVSSFTASKVSQYSCQRKTTLNNCNKKFTDAFEIMAENYEFKENEIFCLEFLRAASVLKSLPFPVTRMKDIQGLPCMGDRVRDVIEEIIEEGESSRAKDVLNDERYKSFKEFTSVFGVGVKTSEKWFRMGLRTVEEVKADKTLKLSKMQRAGFLYYEDLVSCVSKAEADAVSSIVKNTVCTFLPDALVTITGGFRRGKKIGHDIDFLITSPGQREDDELLHKGLLLYCDIIESTFVKEQIPSRHVDAMDHFQKCFAILKLYQPRVDNSSYNMSKKCDMAEVKDWKAIRVDLVITPFEQYAYALLGWTGSRQFGRDLRRYATHERKMMLDNHALYDKRKRVFLKAGSEEEIFAHLGLDYVEPWERNA,True
ggtdt_af3_A_5_mpnn_11,ggtdt_af3_A_5,8-22,CSSCCPPPPCPPPPC,CCCCCHHHHCHHHHC,0.5333,0.0,0.4667,./ggtdt_example/rfdiffusion_out/filter_results/ggtdt_af3_A_5.pdb,1.5222,1.7014,HHGGAPKEVIPPLKV,MHHHHHHHHGGAPKEVIPPLKVSSFTASKVSQYSCQRKTTLNNCNKKFTDAFEIMAENYEFKENEIFCLEFLRAASVLKSLPFPVTRMKDIQGLPCMGDRVRDVIEEIIEEGESSRAKDVLNDERYKSFKEFTSVFGVGVKTSEKWFRMGLRTVEEVKADKTLKLSKMQRAGFLYYEDLVSCVSKAEADAVSSIVKNTVCTFLPDALVTITGGFRRGKKIGHDIDFLITSPGQREDDELLHKGLLLYCDIIESTFVKEQIPSRHVDAMDHFQKCFAILKLYQPRVDNSSYNMSKKCDMAEVKDWKAIRVDLVITPFEQYAYALLGWTGSRQFGRDLRRYATHERKMMLDNHALYDKRKRVFLKAGSEEEIFAHLGLDYVEPWERNA,True
ggtdt_af3_A_5_mpnn_12,ggtdt_af3_A_5,8-22,CSSCCPPPPCPPPPC,CCCCCHHHHCHHHHC,0.5333,0.0,0.4667,./ggtdt_example/rfdiffusion_out/filter_results/ggtdt_af3_A_5.pdb,1.393,1.7119,HGGGAPPVVTPPPVV,MHHHHHHHGGGAPPVVTPPPVVSSFTASKVSQYSCQRKTTLNNCNKKFTDAFEIMAENYEFKENEIFCLEFLRAASVLKSLPFPVTRMKDIQGLPCMGDRVRDVIEEIIEEGESSRAKDVLNDERYKSFKEFTSVFGVGVKTSEKWFRMGLRTVEEVKADKTLKLSKMQRAGFLYYEDLVSCVSKAEADAVSSIVKNTVCTFLPDALVTITGGFRRGKKIGHDIDFLITSPGQREDDELLHKGLLLYCDIIESTFVKEQIPSRHVDAMDHFQKCFAILKLYQPRVDNSSYNMSKKCDMAEVKDWKAIRVDLVITPFEQYAYALLGWTGSRQFGRDLRRYATHERKMMLDNHALYDKRKRVFLKAGSEEEIFAHLGLDYVEPWERNA,False
ggtdt_af3_A_5_mpnn_13,ggtdt_af3_A_5,8-22,CSSCCPPPPCPPPPC,CCCCCHHHHCHHHHC,0.5333,0.0,0.4667,./ggtdt_example/rfdiffusion_out/filter_results/ggtdt_af3_A_5.pdb,1.443,1.7243,HHGGRPRTVIPPPYV,MHHHHHHHHGGRPRTVIPPPYVSSFTASKVSQYSCQRKTTLNNCNKKFTDAFEIMAENYEFKENEIFCLEFLRAASVLKSLPFPVTRMKDIQGLPCMGDRVRDVIEEIIEEGESSRAKDVLNDERYKSFKEFTSVFGVGVKTSEKWFRMGLRTVEEVKADKTLKLSKMQRAGFLYYEDLVSCVSKAEADAVSSIVKNTVCTFLPDALVTITGGFRRGKKIGHDIDFLITSPGQREDDELLHKGLLLYCDIIESTFVKEQIPSRHVDAMDHFQKCFAILKLYQPRVDNSSYNMSKKCDMAEVKDWKAIRVDLVITPFEQYAYALLGWTGSRQFGRDLRRYATHERKMMLDNHALYDKRKRVFLKAGSEEEIFAHLGLDYVEPWERNA,False
ggtdt_af3_A_5_mpnn_14,ggtdt_af3_A_5,8-22,CSSCCPPPPCPPPPC,CCCCCHHHHCHHHHC,0.5333,0.0,0.4667,./ggtdt_example/rfdiffusion_out/filter_results/ggtdt_af3_A_5.pdb,1.3249,1.6962,HHGGSPPVVVPPPKV,MHHHHHHHHGGSPPVVVPPPKVSSFTASKVSQYSCQRKTTLNNCNKKFTDAFEIMAENYEFKENEIFCLEFLRAASVLKSLPFPVTRMKDIQGLPCMGDRVRDVIEEIIEEGESSRAKDVLNDERYKSFKEFTSVFGVGVKTSEKWFRMGLRTVEEVKADKTLKLSKMQRAGFLYYEDLVSCVSKAEADAVSSIVKNTVCTFLPDALVTITGGFRRGKKIGHDIDFLITSPGQREDDELLHKGLLLYCDIIESTFVKEQIPSRHVDAMDHFQKCFAILKLYQPRVDNSSYNMSKKCDMAEVKDWKAIRVDLVITPFEQYAYALLGWTGSRQFGRDLRRYATHERKMMLDNHALYDKRKRVFLKAGSEEEIFAHLGLDYVEPWERNA,True
ggtdt_af3_A_5_mpnn_15,ggtdt_af3_A_5,8-22,CSSCCPPPPCPPPPC,CCCCCHHHHCHHHHC,0.5333,0.0,0.4667,./ggtdt_example/rfdiffusion_out/filter_results/ggtdt_af3_A_5.pdb,1.3522,1.6968,HHGGAPPTVVPPPVV,MHHHHHHHHGGAPPTVVPPPVVSSFTASKVSQYSCQRKTTLNNCNKKFTDAFEIMAENYEFKENEIFCLEFLRAASVLKSLPFPVTRMKDIQGLPCMGDRVRDVIEEIIEEGESSRAKDVLNDERYKSFKEFTSVFGVGVKTSEKWFRMGLRTVEEVKADKTLKLSKMQRAGFLYYEDLVSCVSKAEADAVSSIVKNTVCTFLPDALVTITGGFRRGKKIGHDIDFLITSPGQREDDELLHKGLLLYCDIIESTFVKEQIPSRHVDAMDHFQKCFAILKLYQPRVDNSSYNMSKKCDMAEVKDWKAIRVDLVITPFEQYAYALLGWTGSRQFGRDLRRYATHERKMMLDNHALYDKRKRVFLKAGSEEEIFAHLGLDYVEPWERNA,True
ggtdt_af3_A_5_mpnn_16,ggtdt_af3_A_5,8-22,CSSCCPPPPCPPPPC,CCCCCHHHHCHHHHC,0.5333,0.0,0.4667,./ggtdt_example/rfdiffusion_out/filter_results/ggtdt_af3_A_5.pdb,1.422,1.7189,HHGGSPPVIIPPPKV,MHHHHHHHHGGSPPVIIPPPKVSSFTASKVSQYSCQRKTTLNNCNKKFTDAFEIMAENYEFKENEIFCLEFLRAASVLKSLPFPVTRMKDIQGLPCMGDRVRDVIEEIIEEGESSRAKDVLNDERYKSFKEFTSVFGVGVKTSEKWFRMGLRTVEEVKADKTLKLSKMQRAGFLYYEDLVSCVSKAEADAVSSIVKNTVCTFLPDALVTITGGFRRGKKIGHDIDFLITSPGQREDDELLHKGLLLYCDIIESTFVKEQIPSRHVDAMDHFQKCFAILKLYQPRVDNSSYNMSKKCDMAEVKDWKAIRVDLVITPFEQYAYALLGWTGSRQFGRDLRRYATHERKMMLDNHALYDKRKRVFLKAGSEEEIFAHLGLDYVEPWERNA,False
ggtdt_af3_A_5_mpnn_17,ggtdt_af3_A_5,8-22,CSSCCPPPPCPPPPC,CCCCCHHHHCHHHHC,0.5333,0.0,0.4667,./ggtdt_example/rfdiffusion_out/filter_results/ggtdt_af3_A_5.pdb,1.4599,1.6977,HHGGRPRTVVPPPVV,MHHHHHHHHGGRPRTVVPPPVVSSFTASKVSQYSCQRKTTLNNCNKKFTDAFEIMAENYEFKENEIFCLEFLRAASVLKSLPFPVTRMKDIQGLPCMGDRVRDVIEEIIEEGESSRAKDVLNDERYKSFKEFTSVFGVGVKTSEKWFRMGLRTVEEVKADKTLKLSKMQRAGFLYYEDLVSCVSKAEADAVSSIVKNTVCTFLPDALVTITGGFRRGKKIGHDIDFLITSPGQREDDELLHKGLLLYCDIIESTFVKEQIPSRHVDAMDHFQKCFAILKLYQPRVDNSSYNMSKKCDMAEVKDWKAIRVDLVITPFEQYAYALLGWTGSRQFGRDLRRYATHERKMMLDNHALYDKRKRVFLKAGSEEEIFAHLGLDYVEPWERNA,True
ggtdt_af3_A_5_mpnn_18,ggtdt_af3_A_5,8-22,CSSCCPPPPCPPPPC,CCCCCHHHHCHHHHC,0.5333,0.0,0.4667,./ggtdt_example/rfdiffusion_out/filter_results/ggtdt_af3_A_5.pdb,1.5662,1.7212,HMGGAPPVLPPPPVV,MHHHHHHHMGGAPPVLPPPPVVSSFTASKVSQYSCQRKTTLNNCNKKFTDAFEIMAENYEFKENEIFCLEFLRAASVLKSLPFPVTRMKDIQGLPCMGDRVRDVIEEIIEEGESSRAKDVLNDERYKSFKEFTSVFGVGVKTSEKWFRMGLRTVEEVKADKTLKLSKMQRAGFLYYEDLVSCVSKAEADAVSSIVKNTVCTFLPDALVTITGGFRRGKKIGHDIDFLITSPGQREDDELLHKGLLLYCDIIESTFVKEQIPSRHVDAMDHFQKCFAILKLYQPRVDNSSYNMSKKCDMAEVKDWKAIRVDLVITPFEQYAYALLGWTGSRQFGRDLRRYATHERKMMLDNHALYDKRKRVFLKAGSEEEIFAHLGLDYVEPWERNA,False
ggtdt_af3_A_5_mpnn_19,ggtdt_af3_A_5,8-22,CSSCCPPPPCPPPPC,CCCCCHHHHCHHHHC,0.5333,0.0,0.4667,./ggtdt_example/rfdiffusion_out/filter_results/ggtdt_af3_A_5.pdb,1.4097,1.706,HHGGKPRVVVPPPVV,MHHHHHHHHGGKPRVVVPPPVVSSFTASKVSQYSCQRKTTLNNCNKKFTDAFEIMAENYEFKENEIFCLEFLRAASVLKSLPFPVTRMKDIQGLPCMGDRVRDVIEEIIEEGESSRAKDVLNDERYKSFKEFTSVFGVGVKTSEKWFRMGLRTVEEVKADKTLKLSKMQRAGFLYYEDLVSCVSKAEADAVSSIVKNTVCTFLPDALVTITGGFRRGKKIGHDIDFLITSPGQREDDELLHKGLLLYCDIIESTFVKEQIPSRHVDAMDHFQKCFAILKLYQPRVDNSSYNMSKKCDMAEVKDWKAIRVDLVITPFEQYAYALLGWTGSRQFGRDLRRYATHERKMMLDNHALYDKRKRVFLKAGSEEEIFAHLGLDYVEPWERNA,True
ggtdt_af3_A_6_mpnn_0,ggtdt_af3_A_6,8-22,CCCCPPPPPPPPPPC,CCCCHHHHHHHHHHC,0.6667,0.0,0.3333,./ggtdt_example/rfdiffusion_out/filter_results/ggtdt_af3_A_6.pdb,1.5625,1.7181,HHHKRPKRRVPKPVT,MHHHHHHHHHKRPKRRVPKPVTSSFTASKVSQYSCQRKTTLNNCNKKFTDAFEIMAENYEFKENEIFCLEFLRAASVLKSLPFPVTRMKDIQGLPCMGDRVRDVIEEIIEEGESSRAKDVLNDERYKSFKEFTSVFGVGVKTSEKWFRMGLRTVEEVKADKTLKLSKMQRAGFLYYEDLVSCVSKAEADAVSSIVKNTVCTFLPDALVTITGGFRRGKKIGHDIDFLITSPGQREDDELLHKGLLLYCDIIESTFVKEQIPSRHVDAMDHFQKCFAILKLYQPRVDNSSYNMSKKCDMAEVKDWKAIRVDLVITPFEQYAYALLGWTGSRQFGRDLRRYATHERKMMLDNHALYDKRKRVFLKAGSEEEIFAHLGLDYVEPWERNA,False
ggtdt_af3_A_6_mpnn_1,ggtdt_af3_A_6,8-22,CCCCPPPPPPPPPPC,CCCCHHHHHHHHHHC,0.6667,0.0,0.3333,./ggtdt_example/rfdiffusion_out/filter_results/ggtdt_af3_A_6.pdb,1.6422,1.6993,HGVPVRPKVKPLPKT,MHHHHHHHGVPVRPKVKPLPKTSSFTASKVSQYSCQRKTTLNNCNKKFTDAFEIMAENYEFKENEIFCLEFLRAASVLKSLPFPVTRMKDIQGLPCMGDRVRDVIEEIIEEGESSRAKDVLNDERYKSFKEFTSVFGVGVKTSEKWFRMGLRTVEEVKADKTLKLSKMQRAGFLYYEDLVSCVSKAEADAVSSIVKNTVCTFLPDALVTITGGFRRGKKIGHDIDFLITSPGQREDDELLHKGLLLYCDIIESTFVKEQIPSRHVDAMDHFQKCFAILKLYQPRVDNSSYNMSKKCDMAEVKDWKAIRVDLVITPFEQYAYALLGWTGSRQFGRDLRRYATHERKMMLDNHALYDKRKRVFLKAGSEEEIFAHLGLDYVEPWERNA,True
ggtdt_af3_A_6_mpnn_2,ggtdt_af3_A_6,8-22,CCCCPPPPPPPPPPC,CCCCHHHHHHHHHHC,0.6667,0.0,0.3333,./ggtdt_example/rfdiffusion_out/filter_results/ggtdt_af3_A_6.pdb,1.2419,1.6972,HHHHHKKKKVPKPKT,MHHHHHHHHHHHKKKKVPKPKTSSFTASKVSQYSCQRKTTLNNCNKKFTDAFEIMAENYEFKENEIFCLEFLRAASVLKSLPFPVTRMKDIQGLPCMGDRVRDVIEEIIEEGESSRAKDVLNDERYKSFKEFTSVFGVGVKTSEKWFRMGLRTVEEVKADKTLKLSKMQRAGFLYYEDLVSCVSKAEADAVSSIVKNTVCTFLPDALVTITGGFRRGKKIGHDIDFLITSPGQREDDELLHKGLLLYCDIIESTFVKEQIPSRHVDAMDHFQKCFAILKLYQPRVDNSSYNMSKKCDMAEVKDWKAIRVDLVITPFEQYAYALLGWTGSRQFGRDLRRYATHERKMMLDNHALYDKRKRVFLKAGSEEEIFAHLGLDYVEPWERNA,True
ggtdt_af3_A_6_mpnn_3,ggtdt_af3_A_6,8-22,CCCCPPPPPPPPPPC,CCCCHHHHHHHHHHC,0.6667,0.0,0.3333,./ggtdt_example/rfdiffusion_out/filter_results/ggtdt_af3_A_6.pdb,1.2595,1.708,HHHHHHHPVTPKPVT,MHHHHHHHHHHHHHPVTPKPVTSSFTASKVSQYSCQRKTTLNNCNKKFTDAFEIMAENYEFKENEIFCLEFLRAASVLKSLPFPVTRMKDIQGLPCMGDRVRDVIEEIIEEGESSRAKDVLNDERYKSFKEFTSVFGVGVKTSEKWFRMGLRTVEEVKADKTLKLSKMQRAGFLYYEDLVSCVSKAEADAVSSIVKNTVCTFLPDALVTITGGFRRGKKIGHDIDFLITSPGQREDDELLHKGLLLYCDIIESTFVKEQIPSRHVDAMDHFQKCFAILKLYQPRVDNSSYNMSKKCDMAEVKDWKAIRVDLVITPFEQYAYALLGWTGSRQFGRDLRRYATHERKMMLDNHALYDKRKRVFLKAGSEEEIFAHLGLDYVEPWERNA,False
ggtdt_af3_A_6_mpnn_4,ggtdt_af3_A_6,8-22,CCCCPPPPPPPPPPC,CCCCHHHHHHHHHHC,0.6667,0.0,0.3333,./ggtdt_example/rfdiffusion_out/filter_results/ggtdt_af3_A_6.pdb,1.2786,1.6938,HHHHHHVPVIPKPVT,MHHHHHHHHHHHHVPVIPKPVTSSFTASKVSQYSCQRKTTLNNCNKKFTDAFEIMAENYEFKENEIFCLEFLRAASVLKSLPFPVTRMKDIQGLPCMGDRVRDVIEEIIEEGESSRAKDVLNDERYKSFKEFTSVFGVGVKTSEKWFRMGLRTVEEVKADKTLKLSKMQRAGFLYYEDLVSCVSKAEADAVSSIVKNTVCTFLPDALVTITGGFRRGKKIGHDIDFLITSPGQREDDELLHKGLLLYCDIIESTFVKEQIPSRHVDAMDHFQKCFAILKLYQPRVDNSSYNMSKKCDMAEVKDWKAIRVDLVITPFEQYAYALLGWTGSRQFGRDLRRYATHERKMMLDNHALYDKRKRVFLKAGSEEEIFAHLGLDYVEPWERNA,True
ggtdt_af3_A_6_mpnn_5,ggtdt_af3_A_6,8-22,CCCCPPPPPPPPPPC,CCCCHHHHHHHHHHC,0.6667,0.0,0.3333,./ggtdt_example/rfdiffusion_out/filter_results/ggtdt_af3_A_6.pdb,1.2809,1.7002,HHHHHHHIEVPKPVT,MHHHHHHHHHHHHHIEVPKPVTSSFTASKVSQYSCQRKTTLNNCNKKFTDAFEIMAENYEFKENEIFCLEFLRAASVLKSLPFPVTRMKDIQGLPCMGDRVRDVIEEIIEEGESSRAKDVLNDERYKSFKEFTSVFGVGVKTSEKWFRMGLRTVEEVKADKTLKLSKMQRAGFLYYEDLVSCVSKAEADAVSSIVKNTVCTFLPDALVTITGGFRRGKKIGHDIDFLITSPGQREDDELLHKGLLLYCDIIESTFVKEQIPSRHVDAMDHFQKCFAILKLYQPRVDNSSYNMSKKCDMAEVKDWKAIRVDLVITPFEQYAYALLGWTGSRQFGRDLRRYATHERKMMLDNHALYDKRKRVFLKAGSEEEIFAHLGLDYVEPWERNA,True
ggtdt_af3_A_6_mpnn_6,ggtdt_af3_A_6,8-22,CCCCPPPPPPPPPPC,CCCCHHHHHHHHHHC,0.6667,0.0,0.3333,./ggtdt_example/rfdiffusion_out/filter_results/ggtdt_af3_A_6.pdb,1.524,1.7063,HGHPVPPVVIPAPVS,MHHHHHHHGHPVPPVVIPAPVSSSFTASKVSQYSCQRKTTLNNCNKKFTDAFEIMAENYEFKENEIFCLEFLRAASVLKSLPFPVTRMKDIQGLPCMGDRVRDVIEEIIEEGESSRAKDVLNDERYKSFKEFTSVFGVGVKTSEKWFRMGLRTVEEVKADKTLKLSKMQRAGFLYYEDLVSCVSKAEADAVSSIVKNTVCTFLPDALVTITGGFRRGKKIGHDIDFLITSPGQREDDELLHKGLLLYCDIIESTFVKEQIPSRHVDAMDHFQKCFAILKLYQPRVDNSSYNMSKKCDMAEVKDWKAIRVDLVITPFEQYAYALLGWTGSRQFGRDLRRYATHERKMMLDNHALYDKRKRVFLKAGSEEEIFAHLGLDYVEPWERNA,False
ggtdt_af3_A_6_mpnn_7,ggtdt_af3_A_6,8-22,CCCCPPPPPPPPPPC,CCCCHHHHHHHHHHC,0.6667,0.0,0.3333,./ggtdt_example/rfdiffusion_out/filter_results/ggtdt_af3_A_6.pdb,1.2586,1.7016,HHHHHPPVVVPQPVT,MHHHHHHHHHHHPPVVVPQPVTSSFTASKVSQYSCQRKTTLNNCNKKFTDAFEIMAENYEFKENEIFCLEFLRAASVLKSLPFPVTRMKDIQGLPCMGDRVRDVIEEIIEEGESSRAKDVLNDERYKSFKEFTSVFGVGVKTSEKWFRMGLRTVEEVKADKTLKLSKMQRAGFLYYEDLVSCVSKAEADAVSSIVKNTVCTFLPDALVTITGGFRRGKKIGHDIDFLITSPGQREDDELLHKGLLLYCDIIESTFVKEQIPSRHVDAMDHFQKCFAILKLYQPRVDNSSYNMSKKCDMAEVKDWKAIRVDLVITPFEQYAYALLGWTGSRQFGRDLRRYATHERKMMLDNHALYDKRKRVFLKAGSEEEIFAHLGLDYVEPWERNA,False
ggtdt_af3_A_6_mpnn_8,ggtdt_af3_A_6,8-22,CCCCPPPPPPPPPPC,CCCCHHHHHHHHHHC,0.6667,0.0,0.3333,./ggtdt_example/rfdiffusion_out/filter_results/ggtdt_af3_A_6.pdb,1.4958,1.6912,HGVPLPKPEVPKPKT,MHHHHHHHGVPLPKPEVPKPKTSSFTASKVSQYSCQRKTTLNNCNKKFTDAFEIMAENYEFKENEIFCLEFLRAASVLKSLPFPVTRMKDIQGLPCMGDRVRDVIEEIIEEGESSRAKDVLNDERYKSFKEFTSVFGVGVKTSEKWFRMGLRTVEEVKADKTLKLSKMQRAGFLYYEDLVSCVSKAEADAVSSIVKNTVCTFLPDALVTITGGFRRGKKIGHDIDFLITSPGQREDDELLHKGLLLYCDIIESTFVKEQIPSRHVDAMDHFQKCFAILKLYQPRVDNSSYNMSKKCDMAEVKDWKAIRVDLVITPFEQYAYALLGWTGSRQFGRDLRRYATHERKMMLDNHALYDKRKRVFLKAGSEEEIFAHLGLDYVEPWERNA,True
ggtdt_af3_A_6_mpnn_9,ggtdt_af3_A_6,8-22,CCCCPPPPPPPPPPC,CCCCHHHHHHHHHHC,0.6667,0.0,0.3333,./ggtdt_example/rfdiffusion_out/filter_results/ggtdt_af3_A_6.pdb,1.569,1.7039,HHIPVPPTPVPPPVT,MHHHHHHHHIPVPPTPVPPPVTSSFTASKVSQYSCQRKTTLNNCNKKFTDAFEIMAENYEFKENEIFCLEFLRAASVLKSLPFPVTRMKDIQGLPCMGDRVRDVIEEIIEEGESSRAKDVLNDERYKSFKEFTSVFGVGVKTSEKWFRMGLRTVEEVKADKTLKLSKMQRAGFLYYEDLVSCVSKAEADAVSSIVKNTVCTFLPDALVTITGGFRRGKKIGHDIDFLITSPGQREDDELLHKGLLLYCDIIESTFVKEQIPSRHVDAMDHFQKCFAILKLYQPRVDNSSYNMSKKCDMAEVKDWKAIRVDLVITPFEQYAYALLGWTGSRQFGRDLRRYATHERKMMLDNHALYDKRKRVFLKAGSEEEIFAHLGLDYVEPWERNA,False
ggtdt_af3_A_6_mpnn_10,ggtdt_af3_A_6,8-22,CCCCPPPPPPPPPPC,CCCCHHHHHHHHHHC,0.6667,0.0,0.3333,./ggtdt_example/rfdiffusion_out/filter_results/ggtdt_af3_A_6.pdb,1.4448,1.7062,HHHHVPEVKIPEPVT,MHHHHHHHHHHVPEVKIPEPVTSSFTASKVSQYSCQRKTTLNNCNKKFTDAFEIMAENYEFKENEIFCLEFLRAASVLKSLPFPVTRMKDIQGLPCMGDRVRDVIEEIIEEGESSRAKDVLNDERYKSFKEFTSVFGVGVKTSEKWFRMGLRTVEEVKADKTLKLSKMQRAGFLYYEDLVSCVSKAEADAVSSIVKNTVCTFLPDALVTITGGFRRGKKIGHDIDFLITSPGQREDDELLHKGLLLYCDIIESTFVKEQIPSRHVDAMDHFQKCFAILKLYQPRVDNSSYNMSKKCDMAEVKDWKAIRVDLVITPFEQYAYALLGWTGSRQFGRDLRRYATHERKMMLDNHALYDKRKRVFLKAGSEEEIFAHLGLDYVEPWERNA,False
ggtdt_af3_A_6_mpnn_11,ggtdt_af3_A_6,8-22,CCCCPPPPPPPPPPC,CCCCHHHHHHHHHHC,0.6667,0.0,0.3333,./ggtdt_example/rfdiffusion_out/filter_results/ggtdt_af3_A_6.pdb,1.5373,1.7004,HGVPLPPVVIPLPKT,MHHHHHHHGVPLPPVVIPLPKTSSFTASKVSQYSCQRKTTLNNCNKKFTDAFEIMAENYEFKENEIFCLEFLRAASVLKSLPFPVTRMKDIQGLPCMGDRVRDVIEEIIEEGESSRAKDVLNDERYKSFKEFTSVFGVGVKTSEKWFRMGLRTVEEVKADKTLKLSKMQRAGFLYYEDLVSCVSKAEADAVSSIVKNTVCTFLPDALVTITGGFRRGKKIGHDIDFLITSPGQREDDELLHKGLLLYCDIIESTFVKEQIPSRHVDAMDHFQKCFAILKLYQPRVDNSSYNMSKKCDMAEVKDWKAIRVDLVITPFEQYAYALLGWTGSRQFGRDLRRYATHERKMMLDNHALYDKRKRVFLKAGSEEEIFAHLGLDYVEPWERNA,True
ggtdt_af3_A_6_mpnn_12,ggtdt_af3_A_6,8-22,CCCCPPPPPPPPPPC,CCCCHHHHHHHHHHC,0.6667,0.0,0.3333,./ggtdt_example/rfdiffusion_out/filter_results/ggtdt_af3_A_6.pdb,1.2702,1.6946,HHHHHPKIEVPKPKK,MHHHHHHHHHHHPKIEVPKPKKSSFTASKVSQYSCQRKTTLNNCNKKFTDAFEIMAENYEFKENEIFCLEFLRAASVLKSLPFPVTRMKDIQGLPCMGDRVRDVIEEIIEEGESSRAKDVLNDERYKSFKEFTSVFGVGVKTSEKWFRMGLRTVEEVKADKTLKLSKMQRAGFLYYEDLVSCVSKAEADAVSSIVKNTVCTFLPDALVTITGGFRRGKKIGHDIDFLITSPGQREDDELLHKGLLLYCDIIESTFVKEQIPSRHVDAMDHFQKCFAILKLYQPRVDNSSYNMSKKCDMAEVKDWKAIRVDLVITPFEQYAYALLGWTGSRQFGRDLRRYATHERKMMLDNHALYDKRKRVFLKAGSEEEIFAHLGLDYVEPWERNA,True
ggtdt_af3_A_6_mpnn_13,ggtdt_af3_A_6,8-22,CCCCPPPPPPPPPPC,CCCCHHHHHHHHHHC,0.6667,0.0,0.3333,./ggtdt_example/rfdiffusion_out/filter_results/ggtdt_af3_A_6.pdb,1.2802,1.6801,HGHHHKKKEVPKPKT,MHHHHHHHGHHHKKKEVPKPKTSSFTASKVSQYSCQRKTTLNNCNKKFTDAFEIMAENYEFKENEIFCLEFLRAASVLKSLPFPVTRMKDIQGLPCMGDRVRDVIEEIIEEGESSRAKDVLNDERYKSFKEFTSVFGVGVKTSEKWFRMGLRTVEEVKADKTLKLSKMQRAGFLYYEDLVSCVSKAEADAVSSIVKNTVCTFLPDALVTITGGFRRGKKIGHDIDFLITSPGQREDDELLHKGLLLYCDIIESTFVKEQIPSRHVDAMDHFQKCFAILKLYQPRVDNSSYNMSKKCDMAEVKDWKAIRVDLVITPFEQYAYALLGWTGSRQFGRDLRRYATHERKMMLDNHALYDKRKRVFLKAGSEEEIFAHLGLDYVEPWERNA,True
ggtdt_af3_A_6_mpnn_14,ggtdt_af3_A_6,8-22,CCCCPPPPPPPPPPC,CCCCHHHHHHHHHHC,0.6667,0.0,0.3333,./ggtdt_example/rfdiffusion_out/filter_results/ggtdt_af3_A_6.pdb,1.2699,1.6901,HHHHHPKPVVPKPVT,MHHHHHHHHHHHPKPVVPKPVTSSFTASKVSQYSCQRKTTLNNCNKKFTDAFEIMAENYEFKENEIFCLEFLRAASVLKSLPFPVTRMKDIQGLPCMGDRVRDVIEEIIEEGESSRAKDVLNDERYKSFKEFTSVFGVGVKTSEKWFRMGLRTVEEVKADKTLKLSKMQRAGFLYYEDLVSCVSKAEADAVSSIVKNTVCTFLPDALVTITGGFRRGKKIGHDIDFLITSPGQREDDELLHKGLLLYCDIIESTFVKEQIPSRHVDAMDHFQKCFAILKLYQPRVDNSSYNMSKKCDMAEVKDWKAIRVDLVITPFEQYAYALLGWTGSRQFGRDLRRYATHERKMMLDNHALYDKRKRVFLKAGSEEEIFAHLGLDYVEPWERNA,True
ggtdt_af3_A_6_mpnn_15,ggtdt_af3_A_6,8-22,CCCCPPPPPPPPPPC,CCCCHHHHHHHHHHC,0.6667,0.0,0.3333,./ggtdt_example/rfdiffusion_out/filter_results/ggtdt_af3_A_6.pdb,1.4042,1.7063,HGHMKKKKKKPKKKV,MHHHHHHHGHMKKKKKKPKKKVSSFTASKVSQYSCQRKTTLNNCNKKFTDAFEIMAENYEFKENEIFCLEFLRAASVLKSLPFPVTRMKDIQGLPCMGDRVRDVIEEIIEEGESSRAKDVLNDERYKSFKEFTSVFGVGVKTSEKWFRMGLRTVEEVKADKTLKLSKMQRAGFLYYEDLVSCVSKAEADAVSSIVKNTVCTFLPDALVTITGGFRRGKKIGHDIDFLITSPGQREDDELLHKGLLLYCDIIESTFVKEQIPSRHVDAMDHFQKCFAILKLYQPRVDNSSYNMSKKCDMAEVKDWKAIRVDLVITPFEQYAYALLGWTGSRQFGRDLRRYATHERKMMLDNHALYDKRKRVFLKAGSEEEIFAHLGLDYVEPWERNA,False
ggtdt_af3_A_6_mpnn_16,ggtdt_af3_A_6,8-22,CCCCPPPPPPPPPPC,CCCCHHHHHHHHHHC,0.6667,0.0,0.3333,./ggtdt_example/rfdiffusion_out/filter_results/ggtdt_af3_A_6.pdb,1.6245,1.7188,HHLPLPPVKVPQPIT,MHHHHHHHHLPLPPVKVPQPITSSFTASKVSQYSCQRKTTLNNCNKKFTDAFEIMAENYEFKENEIFCLEFLRAASVLKSLPFPVTRMKDIQGLPCMGDRVRDVIEEIIEEGESSRAKDVLNDERYKSFKEFTSVFGVGVKTSEKWFRMGLRTVEEVKADKTLKLSKMQRAGFLYYEDLVSCVSKAEADAVSSIVKNTVCTFLPDALVTITGGFRRGKKIGHDIDFLITSPGQREDDELLHKGLLLYCDIIESTFVKEQIPSRHVDAMDHFQKCFAILKLYQPRVDNSSYNMSKKCDMAEVKDWKAIRVDLVITPFEQYAYALLGWTGSRQFGRDLRRYATHERKMMLDNHALYDKRKRVFLKAGSEEEIFAHLGLDYVEPWERNA,False
ggtdt_af3_A_6_mpnn_17,ggtdt_af3_A_6,8-22,CCCCPPPPPPPPPPC,CCCCHHHHHHHHHHC,0.6667,0.0,0.3333,./ggtdt_example/rfdiffusion_out/filter_results/ggtdt_af3_A_6.pdb,1.4234,1.7004,HGHHVKKKKVPKPKT,MHHHHHHHGHHVKKKKVPKPKTSSFTASKVSQYSCQRKTTLNNCNKKFTDAFEIMAENYEFKENEIFCLEFLRAASVLKSLPFPVTRMKDIQGLPCMGDRVRDVIEEIIEEGESSRAKDVLNDERYKSFKEFTSVFGVGVKTSEKWFRMGLRTVEEVKADKTLKLSKMQRAGFLYYEDLVSCVSKAEADAVSSIVKNTVCTFLPDALVTITGGFRRGKKIGHDIDFLITSPGQREDDELLHKGLLLYCDIIESTFVKEQIPSRHVDAMDHFQKCFAILKLYQPRVDNSSYNMSKKCDMAEVKDWKAIRVDLVITPFEQYAYALLGWTGSRQFGRDLRRYATHERKMMLDNHALYDKRKRVFLKAGSEEEIFAHLGLDYVEPWERNA,True
ggtdt_af3_A_6_mpnn_18,ggtdt_af3_A_6,8-22,CCCCPPPPPPPPPPC,CCCCHHHHHHHHHHC,0.6667,0.0,0.3333,./ggtdt_example/rfdiffusion_out/filter_results/ggtdt_af3_A_6.pdb,1.7394,1.7228,HGRKRKPTKRPRPKT,MHHHHHHHGRKRKPTKRPRPKTSSFTASKVSQYSCQRKTTLNNCNKKFTDAFEIMAENYEFKENEIFCLEFLRAASVLKSLPFPVTRMKDIQGLPCMGDRVRDVIEEIIEEGESSRAKDVLNDERYKSFKEFTSVFGVGVKTSEKWFRMGLRTVEEVKADKTLKLSKMQRAGFLYYEDLVSCVSKAEADAVSSIVKNTVCTFLPDALVTITGGFRRGKKIGHDIDFLITSPGQREDDELLHKGLLLYCDIIESTFVKEQIPSRHVDAMDHFQKCFAILKLYQPRVDNSSYNMSKKCDMAEVKDWKAIRVDLVITPFEQYAYALLGWTGSRQFGRDLRRYATHERKMMLDNHALYDKRKRVFLKAGSEEEIFAHLGLDYVEPWERNA,False
ggtdt_af3_A_6_mpnn_19,ggtdt_af3_A_6,8-22,CCCCPPPPPPPPPPC,CCCCHHHHHHHHHHC,0.6667,0.0,0.3333,./ggtdt_example/rfdiffusion_out/filter_results/ggtdt_af3_A_6.pdb,1.3841,1.7067,HHHHVPKPVVPKPVK,MHHHHHHHHHHVPKPVVPKPVKSSFTASKVSQYSCQRKTTLNNCNKKFTDAFEIMAENYEFKENEIFCLEFLRAASVLKSLPFPVTRMKDIQGLPCMGDRVRDVIEEIIEEGESSRAKDVLNDERYKSFKEFTSVFGVGVKTSEKWFRMGLRTVEEVKADKTLKLSKMQRAGFLYYEDLVSCVSKAEADAVSSIVKNTVCTFLPDALVTITGGFRRGKKIGHDIDFLITSPGQREDDELLHKGLLLYCDIIESTFVKEQIPSRHVDAMDHFQKCFAILKLYQPRVDNSSYNMSKKCDMAEVKDWKAIRVDLVITPFEQYAYALLGWTGSRQFGRDLRRYATHERKMMLDNHALYDKRKRVFLKAGSEEEIFAHLGLDYVEPWERNA,False
ggtdt_af3_A_7_mpnn_0,ggtdt_af3_A_7,8-22,CCCCPPPPPPPSSPP,CCCCHHHHHHHCCHH,0.6,0.0,0.4,./ggtdt_example/rfdiffusion_out/filter_results/ggtdt_af3_A_7.pdb,1.247,1.685,HGPGPPPPVPPAVVK,MHHHHHHHGPGPPPPVPPAVVKSSFTASKVSQYSCQRKTTLNNCNKKFTDAFEIMAENYEFKENEIFCLEFLRAASVLKSLPFPVTRMKDIQGLPCMGDRVRDVIEEIIEEGESSRAKDVLNDERYKSFKEFTSVFGVGVKTSEKWFRMGLRTVEEVKADKTLKLSKMQRAGFLYYEDLVSCVSKAEADAVSSIVKNTVCTFLPDALVTITGGFRRGKKIGHDIDFLITSPGQREDDELLHKGLLLYCDIIESTFVKEQIPSRHVDAMDHFQKCFAILKLYQPRVDNSSYNMSKKCDMAEVKDWKAIRVDLVITPFEQYAYALLGWTGSRQFGRDLRRYATHERKMMLDNHALYDKRKRVFLKAGSEEEIFAHLGLDYVEPWERNA,True
ggtdt_af3_A_7_mpnn_1,ggtdt_af3_A_7,8-22,CCCCPPPPPPPSSPP,CCCCHHHHHHHCCHH,0.6,0.0,0.4,./ggtdt_example/rfdiffusion_out/filter_results/ggtdt_af3_A_7.pdb,1.4556,1.714,HGAGKPAAKPPKIKV,MHHHHHHHGAGKPAAKPPKIKVSSFTASKVSQYSCQRKTTLNNCNKKFTDAFEIMAENYEFKENEIFCLEFLRAASVLKSLPFPVTRMKDIQGLPCMGDRVRDVIEEIIEEGESSRAKDVLNDERYKSFKEFTSVFGVGVKTSEKWFRMGLRTVEEVKADKTLKLSKMQRAGFLYYEDLVSCVSKAEADAVSSIVKNTVCTFLPDALVTITGGFRRGKKIGHDIDFLITSPGQREDDELLHKGLLLYCDIIESTFVKEQIPSRHVDAMDHFQKCFAILKLYQPRVDNSSYNMSKKCDMAEVKDWKAIRVDLVITPFEQYAYALLGWTGSRQFGRDLRRYATHERKMMLDNHALYDKRKRVFLKAGSEEEIFAHLGLDYVEPWERNA,False
ggtdt_af3_A_7_mpnn_2,ggtdt_af3_A_7,8-22,CCCCPPPPPPPSSPP,CCCCHHHHHHHCCHH,0.6,0.0,0.4,./ggtdt_example/rfdiffusion_out/filter_results/ggtdt_af3_A_7.pdb,1.2835,1.6865,HGAGPPAPVPPAVKK,MHHHHHHHGAGPPAPVPPAVKKSSFTASKVSQYSCQRKTTLNNCNKKFTDAFEIMAENYEFKENEIFCLEFLRAASVLKSLPFPVTRMKDIQGLPCMGDRVRDVIEEIIEEGESSRAKDVLNDERYKSFKEFTSVFGVGVKTSEKWFRMGLRTVEEVKADKTLKLSKMQRAGFLYYEDLVSCVSKAEADAVSSIVKNTVCTFLPDALVTITGGFRRGKKIGHDIDFLITSPGQREDDELLHKGLLLYCDIIESTFVKEQIPSRHVDAMDHFQKCFAILKLYQPRVDNSSYNMSKKCDMAEVKDWKAIRVDLVITPFEQYAYALLGWTGSRQFGRDLRRYATHERKMMLDNHALYDKRKRVFLKAGSEEEIFAHLGLDYVEPWERNA,True
ggtdt_af3_A_7_mpnn_3,ggtdt_af3_A_7,8-22,CCCCPPPPPPPSSPP,CCCCHHHHHHHCCHH,0.6,0.0,0.4,./ggtdt_example/rfdiffusion_out/filter_results/ggtdt_af3_A_7.pdb,1.2637,1.7,HGAGPPPPVPPAVTV,MHHHHHHHGAGPPPPVPPAVTVSSFTASKVSQYSCQRKTTLNNCNKKFTDAFEIMAENYEFKENEIFCLEFLRAASVLKSLPFPVTRMKDIQGLPCMGDRVRDVIEEIIEEGESSRAKDVLNDERYKSFKEFTSVFGVGVKTSEKWFRMGLRTVEEVKADKTLKLSKMQRAGFLYYEDLVSCVSKAEADAVSSIVKNTVCTFLPDALVTITGGFRRGKKIGHDIDFLITSPGQREDDELLHKGLLLYCDIIESTFVKEQIPSRHVDAMDHFQKCFAILKLYQPRVDNSSYNMSKKCDMAEVKDWKAIRVDLVITPFEQYAYALLGWTGSRQFGRDLRRYATHERKMMLDNHALYDKRKRVFLKAGSEEEIFAHLGLDYVEPWERNA,True
ggtdt_af3_A_7_mpnn_4,ggtdt_af3_A_7,8-22,CCCCPPPPPPPSSPP,CCCCHHHHHHHCCHH,0.6,0.0,0.4,./ggtdt_example/rfdiffusion_out/filter_results/ggtdt_af3_A_7.pdb,1.4905,1.7092,HGRGKKPKKKPKRKI,MHHHHHHHGRGKKPKKKPKRKISSFTASKVSQYSCQRKTTLNNCNKKFTDAFEIMAENYEFKENEIFCLEFLRAASVLKSLPFPVTRMKDIQGLPCMGDRVRDVIEEIIEEGESSRAKDVLNDERYKSFKEFTSVFGVGVKTSEKWFRMGLRTVEEVKADKTLKLSKMQRAGFLYYEDLVSCVSKAEADAVSSIVKNTVCTFLPDALVTITGGFRRGKKIGHDIDFLITSPGQREDDELLHKGLLLYCDIIESTFVKEQIPSRHVDAMDHFQKCFAILKLYQPRVDNSSYNMSKKCDMAEVKDWKAIRVDLVITPFEQYAYALLGWTGSRQFGRDLRRYATHERKMMLDNHALYDKRKRVFLKAGSEEEIFAHLGLDYVEPWERNA,False
ggtdt_af3_A_7_mpnn_5,ggtdt_af3_A_7,8-22,CCCCPPPPPPPSSPP,CCCCHHHHHHHCCHH,0.6,0.0,0.4,./ggtdt_example/rfdiffusion_out/filter_results/ggtdt_af3_A_7.pdb,1.363,1.6951,HGPGKPPPVAPLFKK,MHHHHHHHGPGKPPPVAPLFKKSSFTASKVSQYSCQRKTTLNNCNKKFTDAFEIMAENYEFKENEIFCLEFLRAASVLKSLPFPVTRMKDIQGLPCMGDRVRDVIEEIIEEGESSRAKDVLNDERYKSFKEFTSVFGVGVKTSEKWFRMGLRTVEEVKADKTLKLSKMQRAGFLYYEDLVSCVSKAEADAVSSIVKNTVCTFLPDALVTITGGFRRGKKIGHDIDFLITSPGQREDDELLHKGLLLYCDIIESTFVKEQIPSRHVDAMDHFQKCFAILKLYQPRVDNSSYNMSKKCDMAEVKDWKAIRVDLVITPFEQYAYALLGWTGSRQFGRDLRRYATHERKMMLDNHALYDKRKRVFLKAGSEEEIFAHLGLDYVEPWERNA,True
ggtdt_af3_A_7_mpnn_6,ggtdt_af3_A_7,8-22,CCCCPPPPPPPSSPP,CCCCHHHHHHHCCHH,0.6,0.0,0.4,./ggtdt_example/rfdiffusion_out/filter_results/ggtdt_af3_A_7.pdb,1.2889,1.7006,HGPGPPAPVPPPVVR,MHHHHHHHGPGPPAPVPPPVVRSSFTASKVSQYSCQRKTTLNNCNKKFTDAFEIMAENYEFKENEIFCLEFLRAASVLKSLPFPVTRMKDIQGLPCMGDRVRDVIEEIIEEGESSRAKDVLNDERYKSFKEFTSVFGVGVKTSEKWFRMGLRTVEEVKADKTLKLSKMQRAGFLYYEDLVSCVSKAEADAVSSIVKNTVCTFLPDALVTITGGFRRGKKIGHDIDFLITSPGQREDDELLHKGLLLYCDIIESTFVKEQIPSRHVDAMDHFQKCFAILKLYQPRVDNSSYNMSKKCDMAEVKDWKAIRVDLVITPFEQYAYALLGWTGSRQFGRDLRRYATHERKMMLDNHALYDKRKRVFLKAGSEEEIFAHLGLDYVEPWERNA,True
ggtdt_af3_A_7_mpnn_7,ggtdt_af3_A_7,8-22,CCCCPPPPPPPSSPP,CCCCHHHHHHHCCHH,0.6,0.0,0.4,./ggtdt_example/rfdiffusion_out/filter_results/ggtdt_af3_A_7.pdb,1.2916,1.7066,HGPGPPKPVKPAVKK,MHHHHHHHGPGPPKPVKPAVKKSSFTASKVSQYSCQRKTTLNNCNKKFTDAFEIMAENYEFKENEIFCLEFLRAASVLKSLPFPVTRMKDIQGLPCMGDRVRDVIEEIIEEGESSRAKDVLNDERYKSFKEFTSVFGVGVKTSEKWFRMGLRTVEEVKADKTLKLSKMQRAGFLYYEDLVSCVSKAEADAVSSIVKNTVCTFLPDALVTITGGFRRGKKIGHDIDFLITSPGQREDDELLHKGLLLYCDIIESTFVKEQIPSRHVDAMDHFQKCFAILKLYQPRVDNSSYNMSKKCDMAEVKDWKAIRVDLVITPFEQYAYALLGWTGSRQFGRDLRRYATHERKMMLDNHALYDKRKRVFLKAGSEEEIFAHLGLDYVEPWERNA,False
ggtdt_af3_A_7_mpnn_8,ggtdt_af3_A_7,8-22,CCCCPPPPPPPSSPP,CCCCHHHHHHHCCHH,0.6,0.0,0.4,./ggtdt_example/rfdiffusion_out/filter_results/ggtdt_af3_A_7.pdb,1.1917,1.6992,HGPGKPPPVPPLVKK,MHHHHHHHGPGKPPPVPPLVKKSSFTASKVSQYSCQRKTTLNNCNKKFTDAFEIMAENYEFKENEIFCLEFLRAASVLKSLPFPVTRMKDIQGLPCMGDRVRDVIEEIIEEGESSRAKDVLNDERYKSFKEFTSVFGVGVKTSEKWFRMGLRTVEEVKADKTLKLSKMQRAGFLYYEDLVSCVSKAEADAVSSIVKNTVCTFLPDALVTITGGFRRGKKIGHDIDFLITSPGQREDDELLHKGLLLYCDIIESTFVKEQIPSRHVDAMDHFQKCFAILKLYQPRVDNSSYNMSKKCDMAEVKDWKAIRVDLVITPFEQYAYALLGWTGSRQFGRDLRRYATHERKMMLDNHALYDKRKRVFLKAGSEEEIFAHLGLDYVEPWERNA,True
ggtdt_af3_A_7_mpnn_9,ggtdt_af3_A_7,8-22,CCCCPPPPPPPSSPP,CCCCHHHHHHHCCHH,0.6,0.0,0.4,./ggtdt_example/rfdiffusion_out/filter_results/ggtdt_af3_A_7.pdb,1.3228,1.704,HGHGPPPPVPPLVVK,MHHHHHHHGHGPPPPVPPLVVKSSFTASKVSQYSCQRKTTLNNCNKKFTDAFEIMAENYEFKENEIFCLEFLRAASVLKSLPFPVTRMKDIQGLPCMGDRVRDVIEEIIEEGESSRAKDVLNDERYKSFKEFTSVFGVGVKTSEKWFRMGLRTVEEVKADKTLKLSKMQRAGFLYYEDLVSCVSKAEADAVSSIVKNTVCTFLPDALVTITGGFRRGKKIGHDIDFLITSPGQREDDELLHKGLLLYCDIIESTFVKEQIPSRHVDAMDHFQKCFAILKLYQPRVDNSSYNMSKKCDMAEVKDWKAIRVDLVITPFEQYAYALLGWTGSRQFGRDLRRYATHERKMMLDNHALYDKRKRVFLKAGSEEEIFAHLGLDYVEPWERNA,False
ggtdt_af3_A_7_mpnn_10,ggtdt_af3_A_7,8-22,CCCCPPPPPPPSSPP,CCCCHHHHHHHCCHH,0.6,0.0,0.4,./ggtdt_example/rfdiffusion_out/filter_results/ggtdt_af3_A_7.pdb,1.2925,1.7054,HGPGPPRPRPPLVKV,MHHHHHHHGPGPPRPRPPLVKVSSFTASKVSQYSCQRKTTLNNCNKKFTDAFEIMAENYEFKENEIFCLEFLRAASVLKSLPFPVTRMKDIQGLPCMGDRVRDVIEEIIEEGESSRAKDVLNDERYKSFKEFTSVFGVGVKTSEKWFRMGLRTVEEVKADKTLKLSKMQRAGFLYYEDLVSCVSKAEADAVSSIVKNTVCTFLPDALVTITGGFRRGKKIGHDIDFLITSPGQREDDELLHKGLLLYCDIIESTFVKEQIPSRHVDAMDHFQKCFAILKLYQPRVDNSSYNMSKKCDMAEVKDWKAIRVDLVITPFEQYAYALLGWTGSRQFGRDLRRYATHERKMMLDNHALYDKRKRVFLKAGSEEEIFAHLGLDYVEPWERNA,False
ggtdt_af3_A_7_mpnn_11,ggtdt_af3_A_7,8-22,CCCCPPPPPPPSSPP,CCCCHHHHHHHCCHH,0.6,0.0,0.4,./ggtdt_example/rfdiffusion_out/filter_results/ggtdt_af3_A_7.pdb,1.2801,1.6991,HGAGKPKPKPPKKKI,MHHHHHHHGAGKPKPKPPKKKISSFTASKVSQYSCQRKTTLNNCNKKFTDAFEIMAENYEFKENEIFCLEFLRAASVLKSLPFPVTRMKDIQGLPCMGDRVRDVIEEIIEEGESSRAKDVLNDERYKSFKEFTSVFGVGVKTSEKWFRMGLRTVEEVKADKTLKLSKMQRAGFLYYEDLVSCVSKAEADAVSSIVKNTVCTFLPDALVTITGGFRRGKKIGHDIDFLITSPGQREDDELLHKGLLLYCDIIESTFVKEQIPSRHVDAMDHFQKCFAILKLYQPRVDNSSYNMSKKCDMAEVKDWKAIRVDLVITPFEQYAYALLGWTGSRQFGRDLRRYATHERKMMLDNHALYDKRKRVFLKAGSEEEIFAHLGLDYVEPWERNA,True
ggtdt_af3_A_7_mpnn_12,ggtdt_af3_A_7,8-22,CCCCPPPPPPPSSPP,CCCCHHHHHHHCCHH,0.6,0.0,0.4,./ggtdt_example/rfdiffusion_out/filter_results/ggtdt_af3_A_7.pdb,1.2833,1.7014,HGPGKPPKKPPLVKK,MHHHHHHHGPGKPPKKPPLVKKSSFTASKVSQYSCQRKTTLNNCNKKFTDAFEIMAENYEFKENEIFCLEFLRAASVLKSLPFPVTRMKDIQGLPCMGDRVRDVIEEIIEEGESSRAKDVLNDERYKSFKEFTSVFGVGVKTSEKWFRMGLRTVEEVKADKTLKLSKMQRAGFLYYEDLVSCVSKAEADAVSSIVKNTVCTFLPDALVTITGGFRRGKKIGHDIDFLITSPGQREDDELLHKGLLLYCDIIESTFVKEQIPSRHVDAMDHFQKCFAILKLYQPRVDNSSYNMSKKCDMAEVKDWKAIRVDLVITPFEQYAYALLGWTGSRQFGRDLRRYATHERKMMLDNHALYDKRKRVFLKAGSEEEIFAHLGLDYVEPWERNA,True
ggtdt_af3_A_7_mpnn_13,ggtdt_af3_A_7,8-22,CCCCPPPPPPPSSPP,CCCCHHHHHHHCCHH,0.6,0.0,0.4,./ggtdt_example/rfdiffusion_out/filter_results/ggtdt_af3_A_7.pdb,1.3159,1.7051,HGPGPPPPKPPPVIV,MHHHHHHHGPGPPPPKPPPVIVSSFTASKVSQYSCQRKTTLNNCNKKFTDAFEIMAENYEFKENEIFCLEFLRAASVLKSLPFPVTRMKDIQGLPCMGDRVRDVIEEIIEEGESSRAKDVLNDERYKSFKEFTSVFGVGVKTSEKWFRMGLRTVEEVKADKTLKLSKMQRAGFLYYEDLVSCVSKAEADAVSSIVKNTVCTFLPDALVTITGGFRRGKKIGHDIDFLITSPGQREDDELLHKGLLLYCDIIESTFVKEQIPSRHVDAMDHFQKCFAILKLYQPRVDNSSYNMSKKCDMAEVKDWKAIRVDLVITPFEQYAYALLGWTGSRQFGRDLRRYATHERKMMLDNHALYDKRKRVFLKAGSEEEIFAHLGLDYVEPWERNA,False
ggtdt_af3_A_7_mpnn_14,ggtdt_af3_A_7,8-22,CCCCPPPPPPPSSPP,CCCCHHHHHHHCCHH,0.6,0.0,0.4,./ggtdt_example/rfdiffusion_out/filter_results/ggtdt_af3_A_7.pdb,1.354,1.7219,HGSGPPPPVPPAVKR,MHHHHHHHGSGPPPPVPPAVKRSSFTASKVSQYSCQRKTTLNNCNKKFTDAFEIMAENYEFKENEIFCLEFLRAASVLKSLPFPVTRMKDIQGLPCMGDRVRDVIEEIIEEGESSRAKDVLNDERYKSFKEFTSVFGVGVKTSEKWFRMGLRTVEEVKADKTLKLSKMQRAGFLYYEDLVSCVSKAEADAVSSIVKNTVCTFLPDALVTITGGFRRGKKIGHDIDFLITSPGQREDDELLHKGLLLYCDIIESTFVKEQIPSRHVDAMDHFQKCFAILKLYQPRVDNSSYNMSKKCDMAEVKDWKAIRVDLVITPFEQYAYALLGWTGSRQFGRDLRRYATHERKMMLDNHALYDKRKRVFLKAGSEEEIFAHLGLDYVEPWERNA,False
ggtdt_af3_A_7_mpnn_15,ggtdt_af3_A_7,8-22,CCCCPPPPPPPSSPP,CCCCHHHHHHHCCHH,0.6,0.0,0.4,./ggtdt_example/rfdiffusion_out/filter_results/ggtdt_af3_A_7.pdb,1.3206,1.7025,HGPGPPPPVPPPTIT,MHHHHHHHGPGPPPPVPPPTITSSFTASKVSQYSCQRKTTLNNCNKKFTDAFEIMAENYEFKENEIFCLEFLRAASVLKSLPFPVTRMKDIQGLPCMGDRVRDVIEEIIEEGESSRAKDVLNDERYKSFKEFTSVFGVGVKTSEKWFRMGLRTVEEVKADKTLKLSKMQRAGFLYYEDLVSCVSKAEADAVSSIVKNTVCTFLPDALVTITGGFRRGKKIGHDIDFLITSPGQREDDELLHKGLLLYCDIIESTFVKEQIPSRHVDAMDHFQKCFAILKLYQPRVDNSSYNMSKKCDMAEVKDWKAIRVDLVITPFEQYAYALLGWTGSRQFGRDLRRYATHERKMMLDNHALYDKRKRVFLKAGSEEEIFAHLGLDYVEPWERNA,False
ggtdt_af3_A_7_mpnn_16,ggtdt_af3_A_7,8-22,CCCCPPPPPPPSSPP,CCCCHHHHHHHCCHH,0.6,0.0,0.4,./ggtdt_example/rfdiffusion_out/filter_results/ggtdt_af3_A_7.pdb,1.2274,1.7026,HGPGPPPPVPPLIKK,MHHHHHHHGPGPPPPVPPLIKKSSFTASKVSQYSCQRKTTLNNCNKKFTDAFEIMAENYEFKENEIFCLEFLRAASVLKSLPFPVTRMKDIQGLPCMGDRVRDVIEEIIEEGESSRAKDVLNDERYKSFKEFTSVFGVGVKTSEKWFRMGLRTVEEVKADKTLKLSKMQRAGFLYYEDLVSCVSKAEADAVSSIVKNTVCTFLPDALVTITGGFRRGKKIGHDIDFLITSPGQREDDELLHKGLLLYCDIIESTFVKEQIPSRHVDAMDHFQKCFAILKLYQPRVDNSSYNMSKKCDMAEVKDWKAIRVDLVITPFEQYAYALLGWTGSRQFGRDLRRYATHERKMMLDNHALYDKRKRVFLKAGSEEEIFAHLGLDYVEPWERNA,False
ggtdt_af3_A_7_mpnn_17,ggtdt_af3_A_7,8-22,CCCCPPPPPPPSSPP,CCCCHHHHHHHCCHH,0.6,0.0,0.4,./ggtdt_example/rfdiffusion_out/filter_results/ggtdt_af3_A_7.pdb,1.3335,1.6909,HGPGKPAPKPPRVKI,MHHHHHHHGPGKPAPKPPRVKISSFTASKVSQYSCQRKTTLNNCNKKFTDAFEIMAENYEFKENEIFCLEFLRAASVLKSLPFPVTRMKDIQGLPCMGDRVRDVIEEIIEEGESSRAKDVLNDERYKSFKEFTSVFGVGVKTSEKWFRMGLRTVEEVKADKTLKLSKMQRAGFLYYEDLVSCVSKAEADAVSSIVKNTVCTFLPDALVTITGGFRRGKKIGHDIDFLITSPGQREDDELLHKGLLLYCDIIESTFVKEQIPSRHVDAMDHFQKCFAILKLYQPRVDNSSYNMSKKCDMAEVKDWKAIRVDLVITPFEQYAYALLGWTGSRQFGRDLRRYATHERKMMLDNHALYDKRKRVFLKAGSEEEIFAHLGLDYVEPWERNA,True
ggtdt_af3_A_7_mpnn_18,ggtdt_af3_A_7,8-22,CCCCPPPPPPPSSPP,CCCCHHHHHHHCCHH,0.6,0.0,0.4,./ggtdt_example/rfdiffusion_out/filter_results/ggtdt_af3_A_7.pdb,1.3035,1.692,HGPGKPAPVPPLVKR,MHHHHHHHGPGKPAPVPPLVKRSSFTASKVSQYSCQRKTTLNNCNKKFTDAFEIMAENYEFKENEIFCLEFLRAASVLKSLPFPVTRMKDIQGLPCMGDRVRDVIEEIIEEGESSRAKDVLNDERYKSFKEFTSVFGVGVKTSEKWFRMGLRTVEEVKADKTLKLSKMQRAGFLYYEDLVSCVSKAEADAVSSIVKNTVCTFLPDALVTITGGFRRGKKIGHDIDFLITSPGQREDDELLHKGLLLYCDIIESTFVKEQIPSRHVDAMDHFQKCFAILKLYQPRVDNSSYNMSKKCDMAEVKDWKAIRVDLVITPFEQYAYALLGWTGSRQFGRDLRRYATHERKMMLDNHALYDKRKRVFLKAGSEEEIFAHLGLDYVEPWERNA,True
ggtdt_af3_A_7_mpnn_19,ggtdt_af3_A_7,8-22,CCCCPPPPPPPSSPP,CCCCHHHHHHHCCHH,0.6,0.0,0.4,./ggtdt_example/rfdiffusion_out/filter_results/ggtdt_af3_A_7.pdb,1.3675,1.7073,HGSGPPPPVKPLIKK,MHHHHHHHGSGPPPPVKPLIKKSSFTASKVSQYSCQRKTTLNNCNKKFTDAFEIMAENYEFKENEIFCLEFLRAASVLKSLPFPVTRMKDIQGLPCMGDRVRDVIEEIIEEGESSRAKDVLNDERYKSFKEFTSVFGVGVKTSEKWFRMGLRTVEEVKADKTLKLSKMQRAGFLYYEDLVSCVSKAEADAVSSIVKNTVCTFLPDALVTITGGFRRGKKIGHDIDFLITSPGQREDDELLHKGLLLYCDIIESTFVKEQIPSRHVDAMDHFQKCFAILKLYQPRVDNSSYNMSKKCDMAEVKDWKAIRVDLVITPFEQYAYALLGWTGSRQFGRDLRRYATHERKMMLDNHALYDKRKRVFLKAGSEEEIFAHLGLDYVEPWERNA,False
ggtdt_af3_A_9_mpnn_0,ggtdt_af3_A_9,8-22,CCTTPPPPPPPSSPP,CCCCHHHHHHHCCHH,0.6,0.0,0.4,./ggtdt_example/rfdiffusion_out/filter_results/ggtdt_af3_A_9.pdb,1.7381,1.7079,HHWNLPVTILPKKKK,MHHHHHHHHWNLPVTILPKKKKSSFTASKVSQYSCQRKTTLNNCNKKFTDAFEIMAENYEFKENEIFCLEFLRAASVLKSLPFPVTRMKDIQGLPCMGDRVRDVIEEIIEEGESSRAKDVLNDERYKSFKEFTSVFGVGVKTSEKWFRMGLRTVEEVKADKTLKLSKMQRAGFLYYEDLVSCVSKAEADAVSSIVKNTVCTFLPDALVTITGGFRRGKKIGHDIDFLITSPGQREDDELLHKGLLLYCDIIESTFVKEQIPSRHVDAMDHFQKCFAILKLYQPRVDNSSYNMSKKCDMAEVKDWKAIRVDLVITPFEQYAYALLGWTGSRQFGRDLRRYATHERKMMLDNHALYDKRKRVFLKAGSEEEIFAHLGLDYVEPWERNA,True
ggtdt_af3_A_9_mpnn_1,ggtdt_af3_A_9,8-22,CCTTPPPPPPPSSPP,CCCCHHHHHHHCCHH,0.6,0.0,0.4,./ggtdt_example/rfdiffusion_out/filter_results/ggtdt_af3_A_9.pdb,1.6453,1.7365,HHKDKPVKIKPKYKK,MHHHHHHHHKDKPVKIKPKYKKSSFTASKVSQYSCQRKTTLNNCNKKFTDAFEIMAENYEFKENEIFCLEFLRAASVLKSLPFPVTRMKDIQGLPCMGDRVRDVIEEIIEEGESSRAKDVLNDERYKSFKEFTSVFGVGVKTSEKWFRMGLRTVEEVKADKTLKLSKMQRAGFLYYEDLVSCVSKAEADAVSSIVKNTVCTFLPDALVTITGGFRRGKKIGHDIDFLITSPGQREDDELLHKGLLLYCDIIESTFVKEQIPSRHVDAMDHFQKCFAILKLYQPRVDNSSYNMSKKCDMAEVKDWKAIRVDLVITPFEQYAYALLGWTGSRQFGRDLRRYATHERKMMLDNHALYDKRKRVFLKAGSEEEIFAHLGLDYVEPWERNA,False
ggtdt_af3_A_9_mpnn_2,ggtdt_af3_A_9,8-22,CCTTPPPPPPPSSPP,CCCCHHHHHHHCCHH,0.6,0.0,0.4,./ggtdt_example/rfdiffusion_out/filter_results/ggtdt_af3_A_9.pdb,1.761,1.7071,HHLLRPVVVPPRTLT,MHHHHHHHHLLRPVVVPPRTLTSSFTASKVSQYSCQRKTTLNNCNKKFTDAFEIMAENYEFKENEIFCLEFLRAASVLKSLPFPVTRMKDIQGLPCMGDRVRDVIEEIIEEGESSRAKDVLNDERYKSFKEFTSVFGVGVKTSEKWFRMGLRTVEEVKADKTLKLSKMQRAGFLYYEDLVSCVSKAEADAVSSIVKNTVCTFLPDALVTITGGFRRGKKIGHDIDFLITSPGQREDDELLHKGLLLYCDIIESTFVKEQIPSRHVDAMDHFQKCFAILKLYQPRVDNSSYNMSKKCDMAEVKDWKAIRVDLVITPFEQYAYALLGWTGSRQFGRDLRRYATHERKMMLDNHALYDKRKRVFLKAGSEEEIFAHLGLDYVEPWERNA,True
ggtdt_af3_A_9_mpnn_3,ggtdt_af3_A_9,8-22,CCTTPPPPPPPSSPP,CCCCHHHHHHHCCHH,0.6,0.0,0.4,./ggtdt_example/rfdiffusion_out/filter_results/ggtdt_af3_A_9.pdb,1.4793,1.6979,HHHNHPVKILPKRLK,MHHHHHHHHHNHPVKILPKRLKSSFTASKVSQYSCQRKTTLNNCNKKFTDAFEIMAENYEFKENEIFCLEFLRAASVLKSLPFPVTRMKDIQGLPCMGDRVRDVIEEIIEEGESSRAKDVLNDERYKSFKEFTSVFGVGVKTSEKWFRMGLRTVEEVKADKTLKLSKMQRAGFLYYEDLVSCVSKAEADAVSSIVKNTVCTFLPDALVTITGGFRRGKKIGHDIDFLITSPGQREDDELLHKGLLLYCDIIESTFVKEQIPSRHVDAMDHFQKCFAILKLYQPRVDNSSYNMSKKCDMAEVKDWKAIRVDLVITPFEQYAYALLGWTGSRQFGRDLRRYATHERKMMLDNHALYDKRKRVFLKAGSEEEIFAHLGLDYVEPWERNA,True
ggtdt_af3_A_9_mpnn_4,ggtdt_af3_A_9,8-22,CCTTPPPPPPPSSPP,CCCCHHHHHHHCCHH,0.6,0.0,0.4,./ggtdt_example/rfdiffusion_out/filter_results/ggtdt_af3_A_9.pdb,1.6013,1.7053,HHHNRPVTVKPKKLL,MHHHHHHHHHNRPVTVKPKKLLSSFTASKVSQYSCQRKTTLNNCNKKFTDAFEIMAENYEFKENEIFCLEFLRAASVLKSLPFPVTRMKDIQGLPCMGDRVRDVIEEIIEEGESSRAKDVLNDERYKSFKEFTSVFGVGVKTSEKWFRMGLRTVEEVKADKTLKLSKMQRAGFLYYEDLVSCVSKAEADAVSSIVKNTVCTFLPDALVTITGGFRRGKKIGHDIDFLITSPGQREDDELLHKGLLLYCDIIESTFVKEQIPSRHVDAMDHFQKCFAILKLYQPRVDNSSYNMSKKCDMAEVKDWKAIRVDLVITPFEQYAYALLGWTGSRQFGRDLRRYATHERKMMLDNHALYDKRKRVFLKAGSEEEIFAHLGLDYVEPWERNA,True
ggtdt_af3_A_9_mpnn_5,ggtdt_af3_A_9,8-22,CCTTPPPPPPPSSPP,CCCCHHHHHHHCCHH,0.6,0.0,0.4,./ggtdt_example/rfdiffusion_out/filter_results/ggtdt_af3_A_9.pdb,1.7684,1.7362,HLPNLPVIVKPRYLK,MHHHHHHHLPNLPVIVKPRYLKSSFTASKVSQYSCQRKTTLNNCNKKFTDAFEIMAENYEFKENEIFCLEFLRAASVLKSLPFPVTRMKDIQGLPCMGDRVRDVIEEIIEEGESSRAKDVLNDERYKSFKEFTSVFGVGVKTSEKWFRMGLRTVEEVKADKTLKLSKMQRAGFLYYEDLVSCVSKAEADAVSSIVKNTVCTFLPDALVTITGGFRRGKKIGHDIDFLITSPGQREDDELLHKGLLLYCDIIESTFVKEQIPSRHVDAMDHFQKCFAILKLYQPRVDNSSYNMSKKCDMAEVKDWKAIRVDLVITPFEQYAYALLGWTGSRQFGRDLRRYATHERKMMLDNHALYDKRKRVFLKAGSEEEIFAHLGLDYVEPWERNA,False
ggtdt_af3_A_9_mpnn_6,ggtdt_af3_A_9,8-22,CCTTPPPPPPPSSPP,CCCCHHHHHHHCCHH,0.6,0.0,0.4,./ggtdt_example/rfdiffusion_out/filter_results/ggtdt_af3_A_9.pdb,1.6918,1.7237,HNPNRPVTIKPSSLK,MHHHHHHHNPNRPVTIKPSSLKSSFTASKVSQYSCQRKTTLNNCNKKFTDAFEIMAENYEFKENEIFCLEFLRAASVLKSLPFPVTRMKDIQGLPCMGDRVRDVIEEIIEEGESSRAKDVLNDERYKSFKEFTSVFGVGVKTSEKWFRMGLRTVEEVKADKTLKLSKMQRAGFLYYEDLVSCVSKAEADAVSSIVKNTVCTFLPDALVTITGGFRRGKKIGHDIDFLITSPGQREDDELLHKGLLLYCDIIESTFVKEQIPSRHVDAMDHFQKCFAILKLYQPRVDNSSYNMSKKCDMAEVKDWKAIRVDLVITPFEQYAYALLGWTGSRQFGRDLRRYATHERKMMLDNHALYDKRKRVFLKAGSEEEIFAHLGLDYVEPWERNA,False
ggtdt_af3_A_9_mpnn_7,ggtdt_af3_A_9,8-22,CCTTPPPPPPPSSPP,CCCCHHHHHHHCCHH,0.6,0.0,0.4,./ggtdt_example/rfdiffusion_out/filter_results/ggtdt_af3_A_9.pdb,1.5799,1.7199,HNHNRPVVVLPSRLR,MHHHHHHHNHNRPVVVLPSRLRSSFTASKVSQYSCQRKTTLNNCNKKFTDAFEIMAENYEFKENEIFCLEFLRAASVLKSLPFPVTRMKDIQGLPCMGDRVRDVIEEIIEEGESSRAKDVLNDERYKSFKEFTSVFGVGVKTSEKWFRMGLRTVEEVKADKTLKLSKMQRAGFLYYEDLVSCVSKAEADAVSSIVKNTVCTFLPDALVTITGGFRRGKKIGHDIDFLITSPGQREDDELLHKGLLLYCDIIESTFVKEQIPSRHVDAMDHFQKCFAILKLYQPRVDNSSYNMSKKCDMAEVKDWKAIRVDLVITPFEQYAYALLGWTGSRQFGRDLRRYATHERKMMLDNHALYDKRKRVFLKAGSEEEIFAHLGLDYVEPWERNA,False
ggtdt_af3_A_9_mpnn_8,ggtdt_af3_A_9,8-22,CCTTPPPPPPPSSPP,CCCCHHHHHHHCCHH,0.6,0.0,0.4,./ggtdt_example/rfdiffusion_out/filter_results/ggtdt_af3_A_9.pdb,1.5629,1.7157,HNKNKPVKILPKSLK,MHHHHHHHNKNKPVKILPKSLKSSFTASKVSQYSCQRKTTLNNCNKKFTDAFEIMAENYEFKENEIFCLEFLRAASVLKSLPFPVTRMKDIQGLPCMGDRVRDVIEEIIEEGESSRAKDVLNDERYKSFKEFTSVFGVGVKTSEKWFRMGLRTVEEVKADKTLKLSKMQRAGFLYYEDLVSCVSKAEADAVSSIVKNTVCTFLPDALVTITGGFRRGKKIGHDIDFLITSPGQREDDELLHKGLLLYCDIIESTFVKEQIPSRHVDAMDHFQKCFAILKLYQPRVDNSSYNMSKKCDMAEVKDWKAIRVDLVITPFEQYAYALLGWTGSRQFGRDLRRYATHERKMMLDNHALYDKRKRVFLKAGSEEEIFAHLGLDYVEPWERNA,False
ggtdt_af3_A_9_mpnn_9,ggtdt_af3_A_9,8-22,CCTTPPPPPPPSSPP,CCCCHHHHHHHCCHH,0.6,0.0,0.4,./ggtdt_example/rfdiffusion_out/filter_results/ggtdt_af3_A_9.pdb,1.6164,1.7101,HHPHVPVKVLPKSLK,MHHHHHHHHPHVPVKVLPKSLKSSFTASKVSQYSCQRKTTLNNCNKKFTDAFEIMAENYEFKENEIFCLEFLRAASVLKSLPFPVTRMKDIQGLPCMGDRVRDVIEEIIEEGESSRAKDVLNDERYKSFKEFTSVFGVGVKTSEKWFRMGLRTVEEVKADKTLKLSKMQRAGFLYYEDLVSCVSKAEADAVSSIVKNTVCTFLPDALVTITGGFRRGKKIGHDIDFLITSPGQREDDELLHKGLLLYCDIIESTFVKEQIPSRHVDAMDHFQKCFAILKLYQPRVDNSSYNMSKKCDMAEVKDWKAIRVDLVITPFEQYAYALLGWTGSRQFGRDLRRYATHERKMMLDNHALYDKRKRVFLKAGSEEEIFAHLGLDYVEPWERNA,True
ggtdt_af3_A_9_mpnn_10,ggtdt_af3_A_9,8-22,CCTTPPPPPPPSSPP,CCCCHHHHHHHCCHH,0.6,0.0,0.4,./ggtdt_example/rfdiffusion_out/filter_results/ggtdt_af3_A_9.pdb,1.579,1.7069,HHPNKPVVIKPKKLK,MHHHHHHHHPNKPVVIKPKKLKSSFTASKVSQYSCQRKTTLNNCNKKFTDAFEIMAENYEFKENEIFCLEFLRAASVLKSLPFPVTRMKDIQGLPCMGDRVRDVIEEIIEEGESSRAKDVLNDERYKSFKEFTSVFGVGVKTSEKWFRMGLRTVEEVKADKTLKLSKMQRAGFLYYEDLVSCVSKAEADAVSSIVKNTVCTFLPDALVTITGGFRRGKKIGHDIDFLITSPGQREDDELLHKGLLLYCDIIESTFVKEQIPSRHVDAMDHFQKCFAILKLYQPRVDNSSYNMSKKCDMAEVKDWKAIRVDLVITPFEQYAYALLGWTGSRQFGRDLRRYATHERKMMLDNHALYDKRKRVFLKAGSEEEIFAHLGLDYVEPWERNA,True
ggtdt_af3_A_9_mpnn_11,ggtdt_af3_A_9,8-22,CCTTPPPPPPPSSPP,CCCCHHHHHHHCCHH,0.6,0.0,0.4,./ggtdt_example/rfdiffusion_out/filter_results/ggtdt_af3_A_9.pdb,1.617,1.7135,HEKNRPVVILPKKKV,MHHHHHHHEKNRPVVILPKKKVSSFTASKVSQYSCQRKTTLNNCNKKFTDAFEIMAENYEFKENEIFCLEFLRAASVLKSLPFPVTRMKDIQGLPCMGDRVRDVIEEIIEEGESSRAKDVLNDERYKSFKEFTSVFGVGVKTSEKWFRMGLRTVEEVKADKTLKLSKMQRAGFLYYEDLVSCVSKAEADAVSSIVKNTVCTFLPDALVTITGGFRRGKKIGHDIDFLITSPGQREDDELLHKGLLLYCDIIESTFVKEQIPSRHVDAMDHFQKCFAILKLYQPRVDNSSYNMSKKCDMAEVKDWKAIRVDLVITPFEQYAYALLGWTGSRQFGRDLRRYATHERKMMLDNHALYDKRKRVFLKAGSEEEIFAHLGLDYVEPWERNA,True
ggtdt_af3_A_9_mpnn_12,ggtdt_af3_A_9,8-22,CCTTPPPPPPPSSPP,CCCCHHHHHHHCCHH,0.6,0.0,0.4,./ggtdt_example/rfdiffusion_out/filter_results/ggtdt_af3_A_9.pdb,1.684,1.7137,HHPNKPVKIKPRKRR,MHHHHHHHHPNKPVKIKPRKRRSSFTASKVSQYSCQRKTTLNNCNKKFTDAFEIMAENYEFKENEIFCLEFLRAASVLKSLPFPVTRMKDIQGLPCMGDRVRDVIEEIIEEGESSRAKDVLNDERYKSFKEFTSVFGVGVKTSEKWFRMGLRTVEEVKADKTLKLSKMQRAGFLYYEDLVSCVSKAEADAVSSIVKNTVCTFLPDALVTITGGFRRGKKIGHDIDFLITSPGQREDDELLHKGLLLYCDIIESTFVKEQIPSRHVDAMDHFQKCFAILKLYQPRVDNSSYNMSKKCDMAEVKDWKAIRVDLVITPFEQYAYALLGWTGSRQFGRDLRRYATHERKMMLDNHALYDKRKRVFLKAGSEEEIFAHLGLDYVEPWERNA,False
ggtdt_af3_A_9_mpnn_13,ggtdt_af3_A_9,8-22,CCTTPPPPPPPSSPP,CCCCHHHHHHHCCHH,0.6,0.0,0.4,./ggtdt_example/rfdiffusion_out/filter_results/ggtdt_af3_A_9.pdb,1.6878,1.7064,HHPHEPVVILPEVLK,MHHHHHHHHPHEPVVILPEVLKSSFTASKVSQYSCQRKTTLNNCNKKFTDAFEIMAENYEFKENEIFCLEFLRAASVLKSLPFPVTRMKDIQGLPCMGDRVRDVIEEIIEEGESSRAKDVLNDERYKSFKEFTSVFGVGVKTSEKWFRMGLRTVEEVKADKTLKLSKMQRAGFLYYEDLVSCVSKAEADAVSSIVKNTVCTFLPDALVTITGGFRRGKKIGHDIDFLITSPGQREDDELLHKGLLLYCDIIESTFVKEQIPSRHVDAMDHFQKCFAILKLYQPRVDNSSYNMSKKCDMAEVKDWKAIRVDLVITPFEQYAYALLGWTGSRQFGRDLRRYATHERKMMLDNHALYDKRKRVFLKAGSEEEIFAHLGLDYVEPWERNA,True
ggtdt_af3_A_9_mpnn_14,ggtdt_af3_A_9,8-22,CCTTPPPPPPPSSPP,CCCCHHHHHHHCCHH,0.6,0.0,0.4,./ggtdt_example/rfdiffusion_out/filter_results/ggtdt_af3_A_9.pdb,1.5967,1.7239,HHPNKPVTVLPTTLK,MHHHHHHHHPNKPVTVLPTTLKSSFTASKVSQYSCQRKTTLNNCNKKFTDAFEIMAENYEFKENEIFCLEFLRAASVLKSLPFPVTRMKDIQGLPCMGDRVRDVIEEIIEEGESSRAKDVLNDERYKSFKEFTSVFGVGVKTSEKWFRMGLRTVEEVKADKTLKLSKMQRAGFLYYEDLVSCVSKAEADAVSSIVKNTVCTFLPDALVTITGGFRRGKKIGHDIDFLITSPGQREDDELLHKGLLLYCDIIESTFVKEQIPSRHVDAMDHFQKCFAILKLYQPRVDNSSYNMSKKCDMAEVKDWKAIRVDLVITPFEQYAYALLGWTGSRQFGRDLRRYATHERKMMLDNHALYDKRKRVFLKAGSEEEIFAHLGLDYVEPWERNA,False
ggtdt_af3_A_9_mpnn_15,ggtdt_af3_A_9,8-22,CCTTPPPPPPPSSPP,CCCCHHHHHHHCCHH,0.6,0.0,0.4,./ggtdt_example/rfdiffusion_out/filter_results/ggtdt_af3_A_9.pdb,1.5851,1.7252,HEHHHPVIVKPKKFK,MHHHHHHHEHHHPVIVKPKKFKSSFTASKVSQYSCQRKTTLNNCNKKFTDAFEIMAENYEFKENEIFCLEFLRAASVLKSLPFPVTRMKDIQGLPCMGDRVRDVIEEIIEEGESSRAKDVLNDERYKSFKEFTSVFGVGVKTSEKWFRMGLRTVEEVKADKTLKLSKMQRAGFLYYEDLVSCVSKAEADAVSSIVKNTVCTFLPDALVTITGGFRRGKKIGHDIDFLITSPGQREDDELLHKGLLLYCDIIESTFVKEQIPSRHVDAMDHFQKCFAILKLYQPRVDNSSYNMSKKCDMAEVKDWKAIRVDLVITPFEQYAYALLGWTGSRQFGRDLRRYATHERKMMLDNHALYDKRKRVFLKAGSEEEIFAHLGLDYVEPWERNA,False
ggtdt_af3_A_9_mpnn_16,ggtdt_af3_A_9,8-22,CCTTPPPPPPPSSPP,CCCCHHHHHHHCCHH,0.6,0.0,0.4,./ggtdt_example/rfdiffusion_out/filter_results/ggtdt_af3_A_9.pdb,1.6188,1.724,HHPNRPVIVLPKVLK,MHHHHHHHHPNRPVIVLPKVLKSSFTASKVSQYSCQRKTTLNNCNKKFTDAFEIMAENYEFKENEIFCLEFLRAASVLKSLPFPVTRMKDIQGLPCMGDRVRDVIEEIIEEGESSRAKDVLNDERYKSFKEFTSVFGVGVKTSEKWFRMGLRTVEEVKADKTLKLSKMQRAGFLYYEDLVSCVSKAEADAVSSIVKNTVCTFLPDALVTITGGFRRGKKIGHDIDFLITSPGQREDDELLHKGLLLYCDIIESTFVKEQIPSRHVDAMDHFQKCFAILKLYQPRVDNSSYNMSKKCDMAEVKDWKAIRVDLVITPFEQYAYALLGWTGSRQFGRDLRRYATHERKMMLDNHALYDKRKRVFLKAGSEEEIFAHLGLDYVEPWERNA,False
ggtdt_af3_A_9_mpnn_17,ggtdt_af3_A_9,8-22,CCTTPPPPPPPSSPP,CCCCHHHHHHHCCHH,0.6,0.0,0.4,./ggtdt_example/rfdiffusion_out/filter_results/ggtdt_af3_A_9.pdb,1.6122,1.724,HHKNKPVIIKPKVLK,MHHHHHHHHKNKPVIIKPKVLKSSFTASKVSQYSCQRKTTLNNCNKKFTDAFEIMAENYEFKENEIFCLEFLRAASVLKSLPFPVTRMKDIQGLPCMGDRVRDVIEEIIEEGESSRAKDVLNDERYKSFKEFTSVFGVGVKTSEKWFRMGLRTVEEVKADKTLKLSKMQRAGFLYYEDLVSCVSKAEADAVSSIVKNTVCTFLPDALVTITGGFRRGKKIGHDIDFLITSPGQREDDELLHKGLLLYCDIIESTFVKEQIPSRHVDAMDHFQKCFAILKLYQPRVDNSSYNMSKKCDMAEVKDWKAIRVDLVITPFEQYAYALLGWTGSRQFGRDLRRYATHERKMMLDNHALYDKRKRVFLKAGSEEEIFAHLGLDYVEPWERNA,False
ggtdt_af3_A_9_mpnn_18,ggtdt_af3_A_9,8-22,CCTTPPPPPPPSSPP,CCCCHHHHHHHCCHH,0.6,0.0,0.4,./ggtdt_example/rfdiffusion_out/filter_results/ggtdt_af3_A_9.pdb,1.5744,1.7061,HHHNEPVVILPSKKV,MHHHHHHHHHNEPVVILPSKKVSSFTASKVSQYSCQRKTTLNNCNKKFTDAFEIMAENYEFKENEIFCLEFLRAASVLKSLPFPVTRMKDIQGLPCMGDRVRDVIEEIIEEGESSRAKDVLNDERYKSFKEFTSVFGVGVKTSEKWFRMGLRTVEEVKADKTLKLSKMQRAGFLYYEDLVSCVSKAEADAVSSIVKNTVCTFLPDALVTITGGFRRGKKIGHDIDFLITSPGQREDDELLHKGLLLYCDIIESTFVKEQIPSRHVDAMDHFQKCFAILKLYQPRVDNSSYNMSKKCDMAEVKDWKAIRVDLVITPFEQYAYALLGWTGSRQFGRDLRRYATHERKMMLDNHALYDKRKRVFLKAGSEEEIFAHLGLDYVEPWERNA,True
ggtdt_af3_A_9_mpnn_19,ggtdt_af3_A_9,8-22,CCTTPPPPPPPSSPP,CCCCHHHHHHHCCHH,0.6,0.0,0.4,./ggtdt_example/rfdiffusion_out/filter_results/ggtdt_af3_A_9.pdb,1.6915,1.7059,HEKDKPVKIPPKTLK,MHHHHHHHEKDKPVKIPPKTLKSSFTASKVSQYSCQRKTTLNNCNKKFTDAFEIMAENYEFKENEIFCLEFLRAASVLKSLPFPVTRMKDIQGLPCMGDRVRDVIEEIIEEGESSRAKDVLNDERYKSFKEFTSVFGVGVKTSEKWFRMGLRTVEEVKADKTLKLSKMQRAGFLYYEDLVSCVSKAEADAVSSIVKNTVCTFLPDALVTITGGFRRGKKIGHDIDFLITSPGQREDDELLHKGLLLYCDIIESTFVKEQIPSRHVDAMDHFQKCFAILKLYQPRVDNSSYNMSKKCDMAEVKDWKAIRVDLVITPFEQYAYALLGWTGSRQFGRDLRRYATHERKMMLDNHALYDKRKRVFLKAGSEEEIFAHLGLDYVEPWERNA,True
